item_id,order_id,product_id,quantity,unit_price,discount_percent
ITM-000001,ORD-00001,PRD-0037,3,205.26,2.0
ITM-000002,ORD-00001,PRD-0077,5,527.0,50.1
ITM-000003,ORD-00001,PRD-0016,5,73.68,36.3
ITM-000004,ORD-00001,PRD-0073,4,643.54,11.1
ITM-000005,ORD-00002,PRD-0060,2,530.08,4.5
ITM-000006,ORD-00003,PRD-0042,3,209.58,46.8
ITM-000007,ORD-00003,PRD-0049,3,313.93,59.8
ITM-000008,ORD-00003,PRD-0034,3,146.45,4.2
ITM-000009,ORD-00003,PRD-0023,2,518.16,6.5
ITM-000010,ORD-00004,PRD-0014,4,730.52,42.9
ITM-000011,ORD-00004,PRD-0010,1,459.22,15.0
ITM-000012,ORD-00004,PRD-0064,-4,123.34,38.4
ITM-000013,ORD-00004,PRD-0035,1,125.53,19.8
ITM-000014,ORD-00004,PRD-0066,4,567.55,46.3
ITM-000015,ORD-00005,PRD-0009,4,434.4,0.2
ITM-000016,ORD-00005,PRD-0069,4,748.36,21.5
ITM-000017,ORD-00005,PRD-0012,3,295.46,51.2
ITM-000018,ORD-00005,PRD-0059,3,609.56,17.4
ITM-000019,ORD-00006,PRD-0050,2,530.28,17.9
ITM-000020,ORD-00006,PRD-0046,4,391.77,53.1
ITM-000021,ORD-00007,PRD-0025,2,25.16,59.8
ITM-000022,ORD-00007,PRD-0009,2,635.23,38.6
ITM-000023,ORD-00007,PRD-0058,4,773.43,1.0
ITM-000024,ORD-00007,PRD-0006,3,327.38,12.7
ITM-000025,ORD-00008,PRD-0069,4,123.42,34.8
ITM-000026,ORD-00008,PRD-0019,1,393.67,1.1
ITM-000027,ORD-00008,PRD-0017,5,16.42,38.0
ITM-000028,ORD-00008,PRD-0013,3,367.67,10.2
ITM-000029,ORD-00008,PRD-0014,5,95.77,35.7
ITM-000030,ORD-00009,PRD-0026,2,343.84,48.7
ITM-000031,ORD-00009,PRD-0074,4,438.98,19.3
ITM-000032,ORD-00009,PRD-0076,2,142.89,3.8
ITM-000033,ORD-00009,PRD-0054,3,138.6,22.2
ITM-000034,ORD-00009,PRD-0075,2,37.36,6.0
ITM-000035,ORD-00010,PRD-0003,4,704.3,4.8
ITM-000036,ORD-00010,PRD-0012,1,566.86,35.6
ITM-000037,ORD-00010,PRD-0061,3,555.42,12.4
ITM-000038,ORD-00010,PRD-0053,3,195.21,10.5
ITM-000039,ORD-00010,PRD-0064,1,491.58,5.3
ITM-000040,ORD-00011,PRD-0072,3,192.33,7.1
ITM-000041,ORD-00011,PRD-0080,5,292.71,45.7
ITM-000042,ORD-00011,PRD-0060,5,617.41,39.6
ITM-000043,ORD-00012,PRD-0020,1,549.77,58.1
ITM-000044,ORD-00012,PRD-0021,4,537.76,2.6
ITM-000045,ORD-00012,PRD-0056,3,204.85,37.0
ITM-000046,ORD-00013,PRD-0007,1,740.26,10.6
ITM-000047,ORD-00013,PRD-0015,1,61.33,14.1
ITM-000048,ORD-00013,PRD-0042,4,338.16,44.8
ITM-000049,ORD-00013,PRD-0015,3,264.28,5.9
ITM-000050,ORD-00014,PRD-0029,2,63.46,35.1
ITM-000051,ORD-00014,PRD-0019,1,176.85,36.6
ITM-000052,ORD-00014,PRD-0018,2,368.9,11.6
ITM-000053,ORD-00014,PRD-0026,3,272.03,1.9
ITM-000054,ORD-00015,PRD-0015,1,682.06,27.5
ITM-000055,ORD-00015,PRD-0029,2,709.7,36.2
ITM-000056,ORD-00015,PRD-0074,5,776.26,51.3
ITM-000057,ORD-00015,PRD-0067,1,393.92,59.7
ITM-000058,ORD-00015,PRD-0060,5,226.94,43.8
ITM-000059,ORD-00016,PRD-0075,2,181.81,55.6
ITM-000060,ORD-00016,PRD-0001,2,337.13,2.7
ITM-000061,ORD-00017,PRD-0068,5,318.48,48.6
ITM-000062,ORD-00017,PRD-0031,1,71.06,45.2
ITM-000063,ORD-00017,PRD-0017,4,289.93,14.3
ITM-000064,ORD-00017,PRD-0040,-1,133.63,27.6
ITM-000065,ORD-00018,PRD-0059,-5,373.69,8.3
ITM-000066,ORD-00018,PRD-0048,4,503.31,42.2
ITM-000067,ORD-00018,PRD-0010,1,310.98,41.4
ITM-000068,ORD-00018,PRD-0055,5,603.55,41.9
ITM-000069,ORD-00018,PRD-0027,5,631.22,4.9
ITM-000070,ORD-00019,PRD-0047,1,710.94,6.7
ITM-000071,ORD-00019,PRD-0006,3,295.63,10.5
ITM-000072,ORD-00019,PRD-0072,5,568.92,12.3
ITM-000073,ORD-00020,PRD-0062,2,591.22,45.1
ITM-000074,ORD-00020,PRD-0029,2,259.77,53.9
ITM-000075,ORD-00020,PRD-0036,5,48.3,22.4
ITM-000076,ORD-00021,PRD-0016,4,378.78,31.9
ITM-000077,ORD-00021,PRD-0058,5,498.66,48.0
ITM-000078,ORD-00021,PRD-0059,1,74.41,23.4
ITM-000079,ORD-00021,PRD-0010,2,91.95,16.6
ITM-000080,ORD-00022,PRD-0027,4,418.95,37.6
ITM-000081,ORD-00022,PRD-0070,3,745.72,28.4
ITM-000082,ORD-00023,PRD-0003,4,236.76,3.8
ITM-000083,ORD-00023,PRD-0067,2,517.51,24.7
ITM-000084,ORD-00023,PRD-0042,3,391.49,40.0
ITM-000085,ORD-00023,PRD-0057,5,369.12,34.0
ITM-000086,ORD-00024,PRD-0030,2,389.97,58.2
ITM-000087,ORD-00024,PRD-0037,1,367.46,10.0
ITM-000088,ORD-00024,PRD-0037,2,149.91,10.5
ITM-000089,ORD-00025,PRD-0006,2,795.05,34.5
ITM-000090,ORD-00025,PRD-0024,4,168.1,42.4
ITM-000091,ORD-00026,PRD-0058,3,434.19,9.8
ITM-000092,ORD-00026,PRD-0004,3,326.63,30.0
ITM-000093,ORD-00026,PRD-0041,2,129.06,58.2
ITM-000094,ORD-00027,PRD-0038,5,381.76,17.4
ITM-000095,ORD-00027,PRD-0073,5,584.19,55.3
ITM-000096,ORD-00027,PRD-0062,3,720.64,8.4
ITM-000097,ORD-00027,PRD-0004,5,324.3,50.5
ITM-000098,ORD-00027,PRD-0042,4,48.75,38.5
ITM-000099,ORD-00028,PRD-0036,5,160.59,5.0
ITM-000100,ORD-00028,PRD-0012,4,780.79,23.7
ITM-000101,ORD-00028,PRD-0078,4,411.69,3.4
ITM-000102,ORD-00028,PRD-0055,3,298.86,22.4
ITM-000103,ORD-00028,PRD-0040,3,782.13,52.5
ITM-000104,ORD-00029,PRD-0057,2,594.51,24.9
ITM-000105,ORD-00030,PRD-0055,3,584.24,24.9
ITM-000106,ORD-00030,PRD-0019,5,170.19,28.5
ITM-000107,ORD-00030,PRD-0009,5,746.86,35.4
ITM-000108,ORD-00030,PRD-0053,4,512.85,16.4
ITM-000109,ORD-00031,PRD-0073,5,605.42,8.2
ITM-000110,ORD-00031,PRD-0038,2,445.32,2.5
ITM-000111,ORD-00032,PRD-0072,5,593.19,13.5
ITM-000112,ORD-00032,PRD-0039,1,765.04,50.1
ITM-000113,ORD-00032,PRD-0037,4,336.64,29.5
ITM-000114,ORD-00033,PRD-0036,1,396.97,58.2
ITM-000115,ORD-00033,PRD-0075,5,386.99,26.2
ITM-000116,ORD-00034,PRD-0016,4,301.7,44.0
ITM-000117,ORD-00034,PRD-0021,1,467.42,8.8
ITM-000118,ORD-00034,PRD-0018,4,289.12,3.2
ITM-000119,ORD-00035,PRD-0046,4,43.73,17.5
ITM-000120,ORD-00035,PRD-0024,1,612.93,35.9
ITM-000121,ORD-00035,PRD-0041,2,662.32,41.1
ITM-000122,ORD-00036,PRD-0047,3,81.19,34.8
ITM-000123,ORD-00036,PRD-0067,-2,228.73,46.7
ITM-000124,ORD-00036,PRD-0021,4,86.42,9.3
ITM-000125,ORD-00037,PRD-0072,2,492.68,49.9
ITM-000126,ORD-00037,PRD-0071,5,563.3,48.2
ITM-000127,ORD-00038,PRD-0015,4,655.98,55.4
ITM-000128,ORD-00038,PRD-0047,4,115.52,26.5
ITM-000129,ORD-00038,PRD-0044,5,141.9,18.3
ITM-000130,ORD-00038,PRD-0019,1,552.0,18.4
ITM-000131,ORD-00039,PRD-0055,2,554.2,47.0
ITM-000132,ORD-00039,PRD-0062,-1,607.08,2.6
ITM-000133,ORD-00040,PRD-0066,1,476.58,28.1
ITM-000134,ORD-00041,PRD-0002,1,604.87,46.9
ITM-000135,ORD-00041,PRD-0026,5,151.9,21.1
ITM-000136,ORD-00041,PRD-0036,1,759.29,20.9
ITM-000137,ORD-00042,PRD-0079,5,197.25,34.2
ITM-000138,ORD-00042,PRD-0002,1,425.43,42.9
ITM-000139,ORD-00043,PRD-0069,2,8.44,43.5
ITM-000140,ORD-00043,PRD-0061,2,296.34,35.4
ITM-000141,ORD-00043,PRD-0014,4,148.77,21.3
ITM-000142,ORD-00044,PRD-0030,4,329.02,45.7
ITM-000143,ORD-00044,PRD-0015,3,418.18,29.7
ITM-000144,ORD-00044,PRD-0072,3,579.1,4.9
ITM-000145,ORD-00044,PRD-0037,4,368.27,44.2
ITM-000146,ORD-00045,PRD-0038,2,788.05,25.7
ITM-000147,ORD-00045,PRD-0061,1,751.57,22.0
ITM-000148,ORD-00045,PRD-0063,1,539.32,23.8
ITM-000149,ORD-00045,PRD-0011,5,99.78,23.7
ITM-000150,ORD-00046,PRD-0022,1,56.44,58.5
ITM-000151,ORD-00046,PRD-0052,3,102.6,50.3
ITM-000152,ORD-00046,PRD-0075,4,476.95,45.4
ITM-000153,ORD-00046,PRD-0078,4,760.36,59.3
ITM-000154,ORD-00046,PRD-0059,5,90.89,15.0
ITM-000155,ORD-00047,PRD-0018,2,28.63,44.3
ITM-000156,ORD-00047,PRD-0004,1,777.8,23.0
ITM-000157,ORD-00047,PRD-0080,3,500.47,45.6
ITM-000158,ORD-00047,PRD-0060,5,165.54,39.7
ITM-000159,ORD-00048,PRD-0044,5,648.54,32.4
ITM-000160,ORD-00048,PRD-0005,1,792.62,52.8
ITM-000161,ORD-00048,PRD-0041,1,683.04,26.6
ITM-000162,ORD-00048,PRD-0072,1,529.23,46.8
ITM-000163,ORD-00049,PRD-0040,4,574.0,29.2
ITM-000164,ORD-00049,PRD-0063,1,529.76,41.1
ITM-000165,ORD-00050,PRD-0021,4,407.81,23.5
ITM-000166,ORD-00050,PRD-0049,4,495.47,21.2
ITM-000167,ORD-00050,PRD-0004,3,474.42,7.7
ITM-000168,ORD-00050,PRD-0075,3,26.39,53.5
ITM-000169,ORD-00050,PRD-0055,3,279.39,21.4
ITM-000170,ORD-00051,PRD-0032,1,191.52,18.7
ITM-000171,ORD-00051,PRD-0009,1,695.81,6.9
ITM-000172,ORD-00051,PRD-0042,-2,34.72,39.5
ITM-000173,ORD-00052,PRD-0054,5,216.96,41.8
ITM-000174,ORD-00052,PRD-0041,-5,305.3,23.4
ITM-000175,ORD-00052,PRD-0063,5,84.55,40.5
ITM-000176,ORD-00052,PRD-0044,3,137.47,18.0
ITM-000177,ORD-00053,PRD-0010,2,673.1,32.2
ITM-000178,ORD-00053,PRD-0039,3,797.0,24.1
ITM-000179,ORD-00053,PRD-0012,2,575.58,34.7
ITM-000180,ORD-00053,PRD-0009,5,455.31,31.9
ITM-000181,ORD-00054,PRD-0010,2,522.97,18.1
ITM-000182,ORD-00054,PRD-0070,3,254.12,24.9
ITM-000183,ORD-00054,PRD-0059,3,538.89,32.9
ITM-000184,ORD-00054,PRD-0067,1,690.85,34.6
ITM-000185,ORD-00055,PRD-0069,4,648.1,51.2
ITM-000186,ORD-00055,PRD-0008,4,420.2,21.9
ITM-000187,ORD-00056,PRD-0039,2,676.08,24.6
ITM-000188,ORD-00056,PRD-0053,1,217.21,17.2
ITM-000189,ORD-00057,PRD-0031,3,327.66,6.8
ITM-000190,ORD-00057,PRD-0040,-2,374.01,33.6
ITM-000191,ORD-00058,PRD-0005,4,165.58,16.4
ITM-000192,ORD-00058,PRD-0036,1,528.64,10.6
ITM-000193,ORD-00058,PRD-0063,1,626.88,3.3
ITM-000194,ORD-00058,PRD-0039,1,694.4,54.0
ITM-000195,ORD-00059,PRD-0012,3,320.53,50.4
ITM-000196,ORD-00059,PRD-0074,2,588.91,56.0
ITM-000197,ORD-00059,PRD-0075,5,759.99,55.9
ITM-000198,ORD-00059,PRD-0012,3,194.27,7.3
ITM-000199,ORD-00060,PRD-0050,3,645.64,44.6
ITM-000200,ORD-00060,PRD-0014,4,144.25,58.2
ITM-000201,ORD-00060,PRD-0076,4,49.46,32.0
ITM-000202,ORD-00061,PRD-0061,3,547.78,57.8
ITM-000203,ORD-00062,PRD-0048,3,657.99,1.3
ITM-000204,ORD-00062,PRD-0007,5,554.09,47.3
ITM-000205,ORD-00063,PRD-0040,3,512.96,42.0
ITM-000206,ORD-00063,PRD-0031,1,686.83,23.3
ITM-000207,ORD-00064,PRD-0031,3,241.45,51.6
ITM-000208,ORD-00064,PRD-0041,2,704.18,46.0
ITM-000209,ORD-00064,PRD-0036,4,693.82,49.4
ITM-000210,ORD-00064,PRD-0053,4,741.57,20.0
ITM-000211,ORD-00065,PRD-0034,1,407.54,21.1
ITM-000212,ORD-00065,PRD-0071,5,591.54,27.2
ITM-000213,ORD-00065,PRD-0024,1,505.97,47.5
ITM-000214,ORD-00065,PRD-0026,-2,504.5,18.8
ITM-000215,ORD-00066,PRD-0067,1,572.28,46.1
ITM-000216,ORD-00067,PRD-0041,5,363.93,52.4
ITM-000217,ORD-00067,PRD-0076,2,662.28,48.0
ITM-000218,ORD-00068,PRD-0024,1,317.83,22.6
ITM-000219,ORD-00068,PRD-0003,5,738.87,38.8
ITM-000220,ORD-00069,PRD-0026,1,213.12,51.1
ITM-000221,ORD-00069,PRD-0055,1,482.31,9.0
ITM-000222,ORD-00070,PRD-0016,2,16.22,31.6
ITM-000223,ORD-00070,PRD-0064,4,99.22,42.8
ITM-000224,ORD-00070,PRD-0035,2,233.93,29.7
ITM-000225,ORD-00071,PRD-0077,4,176.38,49.4
ITM-000226,ORD-00071,PRD-0053,2,635.01,1.7
ITM-000227,ORD-00072,PRD-0032,2,298.86,41.1
ITM-000228,ORD-00072,PRD-0061,4,110.9,19.4
ITM-000229,ORD-00072,PRD-0050,4,568.22,44.2
ITM-000230,ORD-00073,PRD-0008,1,46.43,55.9
ITM-000231,ORD-00073,PRD-0078,4,751.76,58.0
ITM-000232,ORD-00073,PRD-0006,5,9.26,30.3
ITM-000233,ORD-00074,PRD-0048,3,110.13,53.5
ITM-000234,ORD-00074,PRD-0034,1,140.04,29.6
ITM-000235,ORD-00074,PRD-0017,3,76.27,42.6
ITM-000236,ORD-00074,PRD-0015,4,254.05,58.7
ITM-000237,ORD-00075,PRD-0056,3,229.93,52.6
ITM-000238,ORD-00075,PRD-0034,5,415.99,26.1
ITM-000239,ORD-00075,PRD-0063,2,612.12,9.1
ITM-000240,ORD-00075,PRD-0020,4,48.38,11.0
ITM-000241,ORD-00076,PRD-0060,3,351.96,59.7
ITM-000242,ORD-00076,PRD-0046,4,791.11,33.7
ITM-000243,ORD-00076,PRD-0019,4,103.31,5.6
ITM-000244,ORD-00076,PRD-0022,3,601.2,49.4
ITM-000245,ORD-00077,PRD-0001,5,423.18,34.2
ITM-000246,ORD-00077,PRD-0032,4,615.76,40.6
ITM-000247,ORD-00077,PRD-0016,-3,318.36,35.4
ITM-000248,ORD-00077,PRD-0020,1,27.96,27.6
ITM-000249,ORD-00077,PRD-0035,4,477.39,0.3
ITM-000250,ORD-00078,PRD-0042,5,758.2,60.0
ITM-000251,ORD-00079,PRD-0007,2,642.24,17.0
ITM-000252,ORD-00079,PRD-0071,1,761.76,22.9
ITM-000253,ORD-00079,PRD-0031,4,772.21,51.9
ITM-000254,ORD-00079,PRD-0027,-1,134.54,46.8
ITM-000255,ORD-00079,PRD-0020,3,100.88,29.5
ITM-000256,ORD-00080,PRD-0078,3,109.37,39.9
ITM-000257,ORD-00080,PRD-0063,3,359.13,23.3
ITM-000258,ORD-00080,PRD-0055,3,76.73,25.4
ITM-000259,ORD-00080,PRD-0056,3,506.4,5.6
ITM-000260,ORD-00081,PRD-0029,3,519.85,42.8
ITM-000261,ORD-00081,PRD-0068,4,71.76,28.1
ITM-000262,ORD-00081,PRD-0062,1,243.81,59.1
ITM-000263,ORD-00081,PRD-0067,3,345.05,34.1
ITM-000264,ORD-00081,PRD-0006,5,413.16,30.6
ITM-000265,ORD-00082,PRD-0073,1,651.2,21.3
ITM-000266,ORD-00082,PRD-0065,5,17.93,44.4
ITM-000267,ORD-00082,PRD-0024,4,675.11,2.7
ITM-000268,ORD-00082,PRD-0039,4,254.59,43.4
ITM-000269,ORD-00083,PRD-0044,5,773.54,52.3
ITM-000270,ORD-00083,PRD-0011,2,598.89,36.2
ITM-000271,ORD-00083,PRD-0003,1,9.65,7.0
ITM-000272,ORD-00083,PRD-0059,2,554.99,52.1
ITM-000273,ORD-00084,PRD-0079,4,291.78,40.4
ITM-000274,ORD-00084,PRD-0012,4,104.45,0.8
ITM-000275,ORD-00084,PRD-0025,1,687.91,12.6
ITM-000276,ORD-00084,PRD-0056,2,674.46,51.5
ITM-000277,ORD-00084,PRD-0039,5,616.93,8.9
ITM-000278,ORD-00085,PRD-0020,1,592.33,26.7
ITM-000279,ORD-00085,PRD-0058,4,470.25,12.1
ITM-000280,ORD-00085,PRD-0051,5,45.48,0.5
ITM-000281,ORD-00085,PRD-0064,4,590.98,35.8
ITM-000282,ORD-00086,PRD-0052,3,391.45,35.5
ITM-000283,ORD-00086,PRD-0063,5,189.37,3.6
ITM-000284,ORD-00086,PRD-0041,1,444.84,16.1
ITM-000285,ORD-00086,PRD-0015,4,398.36,56.3
ITM-000286,ORD-00086,PRD-0056,3,21.54,17.3
ITM-000287,ORD-00087,PRD-0030,4,408.57,35.3
ITM-000288,ORD-00087,PRD-0060,3,109.27,17.6
ITM-000289,ORD-00088,PRD-0047,4,637.8,48.0
ITM-000290,ORD-00088,PRD-0037,2,554.1,5.2
ITM-000291,ORD-00088,PRD-0026,4,129.27,29.5
ITM-000292,ORD-00088,PRD-0064,4,246.4,12.6
ITM-000293,ORD-00089,PRD-0034,1,288.85,9.5
ITM-000294,ORD-00090,PRD-0044,1,347.34,37.1
ITM-000295,ORD-00090,PRD-0063,1,209.97,20.4
ITM-000296,ORD-00090,PRD-0072,3,217.66,9.1
ITM-000297,ORD-00090,PRD-0014,5,566.59,55.6
ITM-000298,ORD-00090,PRD-0015,4,779.85,46.9
ITM-000299,ORD-00091,PRD-0006,1,408.31,10.0
ITM-000300,ORD-00091,PRD-0047,1,129.84,17.5
ITM-000301,ORD-00091,PRD-0064,4,587.38,6.0
ITM-000302,ORD-00091,PRD-0018,3,102.77,12.1
ITM-000303,ORD-00091,PRD-0001,4,200.03,48.5
ITM-000304,ORD-00092,PRD-0011,3,216.48,42.9
ITM-000305,ORD-00092,PRD-0032,4,125.53,45.2
ITM-000306,ORD-00092,PRD-0018,4,642.41,24.8
ITM-000307,ORD-00093,PRD-0067,4,636.71,21.7
ITM-000308,ORD-00093,PRD-0002,1,575.51,31.0
ITM-000309,ORD-00093,PRD-0041,1,324.31,46.3
ITM-000310,ORD-00093,PRD-0005,4,529.84,38.5
ITM-000311,ORD-00094,PRD-0067,1,778.27,25.2
ITM-000312,ORD-00094,PRD-0041,5,727.84,0.5
ITM-000313,ORD-00094,PRD-0079,3,736.76,42.0
ITM-000314,ORD-00094,PRD-0070,4,501.37,37.1
ITM-000315,ORD-00094,PRD-0052,4,621.44,52.9
ITM-000316,ORD-00095,PRD-0050,1,581.45,44.4
ITM-000317,ORD-00096,PRD-0037,5,174.92,30.7
ITM-000318,ORD-00096,PRD-0021,3,23.62,53.4
ITM-000319,ORD-00097,PRD-0039,5,582.57,59.2
ITM-000320,ORD-00097,PRD-0048,1,211.51,30.4
ITM-000321,ORD-00097,PRD-0016,1,361.75,34.3
ITM-000322,ORD-00097,PRD-0031,1,645.28,59.3
ITM-000323,ORD-00097,PRD-0069,5,676.37,14.0
ITM-000324,ORD-00098,PRD-0074,3,539.58,42.9
ITM-000325,ORD-00098,PRD-0014,5,265.64,34.9
ITM-000326,ORD-00098,PRD-0019,3,570.75,49.7
ITM-000327,ORD-00099,PRD-0017,1,383.62,26.8
ITM-000328,ORD-00100,PRD-0072,5,417.56,23.7
ITM-000329,ORD-00100,PRD-0055,3,797.23,41.3
ITM-000330,ORD-00100,PRD-0054,4,659.93,8.7
ITM-000331,ORD-00101,PRD-0017,4,774.59,30.8
ITM-000332,ORD-00101,PRD-0028,5,367.07,2.0
ITM-000333,ORD-00102,PRD-0016,5,483.27,24.5
ITM-000334,ORD-00102,PRD-0038,1,37.02,9.2
ITM-000335,ORD-00103,PRD-0039,3,238.72,1.7
ITM-000336,ORD-00103,PRD-0076,2,340.3,56.2
ITM-000337,ORD-00103,PRD-0028,3,150.55,44.4
ITM-000338,ORD-00104,PRD-0009,1,696.99,25.1
ITM-000339,ORD-00105,PRD-0044,3,626.17,28.5
ITM-000340,ORD-00105,PRD-0018,5,406.29,27.7
ITM-000341,ORD-00105,PRD-0020,4,693.74,19.5
ITM-000342,ORD-00105,PRD-0053,5,312.85,54.0
ITM-000343,ORD-00105,PRD-0057,3,590.05,38.8
ITM-000344,ORD-00106,PRD-0040,1,451.03,7.4
ITM-000345,ORD-00106,PRD-0080,5,435.76,45.5
ITM-000346,ORD-00107,PRD-0061,5,404.6,1.1
ITM-000347,ORD-00107,PRD-0003,5,223.6,12.3
ITM-000348,ORD-00107,PRD-0069,5,487.45,24.1
ITM-000349,ORD-00107,PRD-0003,1,275.27,10.8
ITM-000350,ORD-00107,PRD-0041,1,308.7,5.5
ITM-000351,ORD-00108,PRD-0019,5,150.22,46.1
ITM-000352,ORD-00109,PRD-0022,3,51.84,57.7
ITM-000353,ORD-00109,PRD-0008,-2,241.93,5.9
ITM-000354,ORD-00110,PRD-0034,4,303.53,49.7
ITM-000355,ORD-00110,PRD-0031,1,602.95,35.2
ITM-000356,ORD-00111,PRD-0050,5,759.74,16.2
ITM-000357,ORD-00111,PRD-0053,3,57.04,1.7
ITM-000358,ORD-00111,PRD-0003,2,218.98,57.8
ITM-000359,ORD-00111,PRD-0072,1,522.98,7.5
ITM-000360,ORD-00112,PRD-0065,4,166.75,58.1
ITM-000361,ORD-00112,PRD-0022,3,626.71,32.3
ITM-000362,ORD-00112,PRD-0072,4,364.13,0.1
ITM-000363,ORD-00112,PRD-0080,4,234.95,58.3
ITM-000364,ORD-00112,PRD-0062,1,222.28,15.1
ITM-000365,ORD-00113,PRD-0028,3,470.2,30.6
ITM-000366,ORD-00113,PRD-0069,1,452.65,18.0
ITM-000367,ORD-00113,PRD-0018,4,581.43,59.9
ITM-000368,ORD-00113,PRD-0065,4,766.15,19.1
ITM-000369,ORD-00114,PRD-0058,3,222.05,39.7
ITM-000370,ORD-00114,PRD-0059,3,767.4,19.7
ITM-000371,ORD-00114,PRD-0001,2,488.99,0.3
ITM-000372,ORD-00115,PRD-0063,2,611.16,32.3
ITM-000373,ORD-00116,PRD-0057,5,539.44,21.2
ITM-000374,ORD-00117,PRD-0023,5,672.12,48.7
ITM-000375,ORD-00117,PRD-0048,1,749.32,26.7
ITM-000376,ORD-00117,PRD-0036,2,546.04,42.6
ITM-000377,ORD-00117,PRD-0079,2,502.06,48.5
ITM-000378,ORD-00118,PRD-0047,2,34.25,29.6
ITM-000379,ORD-00118,PRD-0026,5,787.49,38.3
ITM-000380,ORD-00119,PRD-0064,3,140.53,11.6
ITM-000381,ORD-00120,PRD-0009,5,472.59,44.8
ITM-000382,ORD-00120,PRD-0073,2,685.11,52.9
ITM-000383,ORD-00120,PRD-0003,3,793.6,41.6
ITM-000384,ORD-00120,PRD-0072,5,707.07,0.1
ITM-000385,ORD-00120,PRD-0007,4,683.82,19.4
ITM-000386,ORD-00121,PRD-0067,3,375.94,21.7
ITM-000387,ORD-00121,PRD-0029,1,42.34,55.1
ITM-000388,ORD-00121,PRD-0001,5,316.53,20.1
ITM-000389,ORD-00121,PRD-0029,5,782.59,25.4
ITM-000390,ORD-00122,PRD-0043,2,252.09,37.6
ITM-000391,ORD-00123,PRD-0004,1,476.06,37.6
ITM-000392,ORD-00124,PRD-0061,3,194.5,20.4
ITM-000393,ORD-00124,PRD-0067,1,636.32,56.6
ITM-000394,ORD-00124,PRD-0013,5,502.15,34.7
ITM-000395,ORD-00125,PRD-0049,1,254.06,50.9
ITM-000396,ORD-00126,PRD-0057,2,48.56,36.6
ITM-000397,ORD-00127,PRD-0008,1,449.61,17.7
ITM-000398,ORD-00127,PRD-0080,4,602.81,14.0
ITM-000399,ORD-00127,PRD-0080,5,13.43,23.0
ITM-000400,ORD-00127,PRD-0080,4,85.52,39.1
ITM-000401,ORD-00128,PRD-0076,4,158.02,6.2
ITM-000402,ORD-00129,PRD-0025,1,723.97,7.6
ITM-000403,ORD-00129,PRD-0054,5,387.71,37.3
ITM-000404,ORD-00129,PRD-0006,2,53.09,18.7
ITM-000405,ORD-00129,PRD-0046,4,252.39,53.1
ITM-000406,ORD-00129,PRD-0040,2,484.65,17.5
ITM-000407,ORD-00130,PRD-0019,5,50.57,30.4
ITM-000408,ORD-00131,PRD-0026,1,781.33,38.4
ITM-000409,ORD-00131,PRD-0044,2,155.54,28.5
ITM-000410,ORD-00131,PRD-0043,4,682.35,34.0
ITM-000411,ORD-00131,PRD-0054,3,266.25,6.3
ITM-000412,ORD-00131,PRD-0001,1,512.82,41.6
ITM-000413,ORD-00132,PRD-0062,5,589.0,57.2
ITM-000414,ORD-00132,PRD-0049,3,168.23,11.1
ITM-000415,ORD-00132,PRD-0010,1,289.52,33.3
ITM-000416,ORD-00132,PRD-0025,2,506.91,54.8
ITM-000417,ORD-00133,PRD-0026,1,162.27,10.4
ITM-000418,ORD-00133,PRD-0044,3,678.79,14.8
ITM-000419,ORD-00133,PRD-0034,-2,728.97,1.3
ITM-000420,ORD-00134,PRD-0015,4,274.01,12.6
ITM-000421,ORD-00134,PRD-0048,4,530.42,56.5
ITM-000422,ORD-00135,PRD-0009,4,99.2,53.0
ITM-000423,ORD-00135,PRD-0025,2,428.38,41.7
ITM-000424,ORD-00135,PRD-0032,3,737.21,45.8
ITM-000425,ORD-00135,PRD-0069,5,238.88,8.9
ITM-000426,ORD-00135,PRD-0036,2,698.92,51.1
ITM-000427,ORD-00136,PRD-0011,4,628.81,47.5
ITM-000428,ORD-00136,PRD-0066,5,313.55,52.9
ITM-000429,ORD-00136,PRD-0067,5,374.09,19.3
ITM-000430,ORD-00136,PRD-0062,3,573.94,29.7
ITM-000431,ORD-00136,PRD-0075,3,521.54,12.4
ITM-000432,ORD-00137,PRD-0051,4,178.78,25.5
ITM-000433,ORD-00137,PRD-0048,4,207.35,5.1
ITM-000434,ORD-00138,PRD-0046,3,187.99,2.5
ITM-000435,ORD-00139,PRD-0058,5,376.7,24.5
ITM-000436,ORD-00139,PRD-0049,4,24.65,26.5
ITM-000437,ORD-00139,PRD-0046,3,721.67,17.7
ITM-000438,ORD-00139,PRD-0011,5,629.77,55.6
ITM-000439,ORD-00139,PRD-0047,1,35.43,12.0
ITM-000440,ORD-00140,PRD-0036,3,156.56,36.2
ITM-000441,ORD-00140,PRD-0070,2,730.34,0.5
ITM-000442,ORD-00141,PRD-0052,3,756.92,49.3
ITM-000443,ORD-00141,PRD-0066,1,791.47,57.1
ITM-000444,ORD-00141,PRD-0027,4,382.18,30.9
ITM-000445,ORD-00142,PRD-0060,4,275.82,5.2
ITM-000446,ORD-00142,PRD-0054,2,171.62,27.0
ITM-000447,ORD-00142,PRD-0018,5,464.12,7.7
ITM-000448,ORD-00142,PRD-0046,1,275.16,25.1
ITM-000449,ORD-00142,PRD-0069,4,243.21,35.2
ITM-000450,ORD-00143,PRD-0020,1,781.91,59.7
ITM-000451,ORD-00143,PRD-0078,5,731.43,34.4
ITM-000452,ORD-00143,PRD-0027,4,759.21,3.8
ITM-000453,ORD-00143,PRD-0014,4,266.43,57.7
ITM-000454,ORD-00143,PRD-0014,3,541.53,10.7
ITM-000455,ORD-00144,PRD-0026,-4,60.25,57.8
ITM-000456,ORD-00144,PRD-0038,3,529.36,4.2
ITM-000457,ORD-00144,PRD-0002,1,141.6,51.6
ITM-000458,ORD-00144,PRD-0015,4,107.66,25.1
ITM-000459,ORD-00144,PRD-0027,1,108.3,12.3
ITM-000460,ORD-00145,PRD-0074,4,751.63,35.2
ITM-000461,ORD-00145,PRD-0059,5,223.98,0.4
ITM-000462,ORD-00145,PRD-0052,2,485.85,14.8
ITM-000463,ORD-00145,PRD-0063,3,370.86,34.6
ITM-000464,ORD-00146,PRD-0059,3,280.69,50.6
ITM-000465,ORD-00147,PRD-0023,4,334.97,10.8
ITM-000466,ORD-00147,PRD-0059,5,310.81,39.5
ITM-000467,ORD-00147,PRD-0006,5,195.56,52.2
ITM-000468,ORD-00148,PRD-0009,5,559.94,43.3
ITM-000469,ORD-00148,PRD-0053,2,793.95,33.2
ITM-000470,ORD-00148,PRD-0014,3,405.99,46.8
ITM-000471,ORD-00149,PRD-0027,4,407.32,27.7
ITM-000472,ORD-00149,PRD-0060,1,308.02,44.8
ITM-000473,ORD-00149,PRD-0002,2,204.23,42.5
ITM-000474,ORD-00149,PRD-0060,2,390.38,4.1
ITM-000475,ORD-00150,PRD-0057,2,116.5,49.2
ITM-000476,ORD-00150,PRD-0003,2,487.56,10.6
ITM-000477,ORD-00150,PRD-0051,1,138.92,40.3
ITM-000478,ORD-00150,PRD-0020,1,355.32,10.7
ITM-000479,ORD-00150,PRD-0069,1,176.85,41.8
ITM-000480,ORD-00151,PRD-0040,1,357.97,35.9
ITM-000481,ORD-00151,PRD-0026,1,743.41,22.5
ITM-000482,ORD-00151,PRD-0003,2,340.24,59.4
ITM-000483,ORD-00151,PRD-0009,3,180.35,52.9
ITM-000484,ORD-00151,PRD-0006,2,335.47,6.5
ITM-000485,ORD-00152,PRD-0025,3,501.62,56.1
ITM-000486,ORD-00152,PRD-0016,4,189.76,6.4
ITM-000487,ORD-00152,PRD-0052,3,524.92,0.7
ITM-000488,ORD-00153,PRD-0036,4,521.71,22.1
ITM-000489,ORD-00153,PRD-0053,1,244.72,35.9
ITM-000490,ORD-00154,PRD-0073,5,141.31,57.5
ITM-000491,ORD-00155,PRD-0050,3,543.93,58.3
ITM-000492,ORD-00155,PRD-0041,2,782.53,40.0
ITM-000493,ORD-00155,PRD-0078,1,730.12,26.9
ITM-000494,ORD-00155,PRD-0030,5,405.22,42.3
ITM-000495,ORD-00155,PRD-0079,1,608.36,7.4
ITM-000496,ORD-00156,PRD-0080,4,68.11,8.3
ITM-000497,ORD-00156,PRD-0020,4,303.72,38.5
ITM-000498,ORD-00157,PRD-0057,5,592.71,19.7
ITM-000499,ORD-00157,PRD-0006,3,419.09,58.7
ITM-000500,ORD-00158,PRD-0043,1,277.47,12.3
ITM-000501,ORD-00158,PRD-0032,1,642.15,41.8
ITM-000502,ORD-00158,PRD-0049,2,419.57,11.0
ITM-000503,ORD-00159,PRD-0009,1,763.16,3.1
ITM-000504,ORD-00160,PRD-0023,2,476.14,49.9
ITM-000505,ORD-00160,PRD-0011,2,343.86,28.0
ITM-000506,ORD-00161,PRD-0023,2,486.65,18.2
ITM-000507,ORD-00161,PRD-0026,5,221.13,46.9
ITM-000508,ORD-00162,PRD-0022,3,379.22,25.4
ITM-000509,ORD-00163,PRD-0062,4,20.75,22.9
ITM-000510,ORD-00163,PRD-0039,1,478.17,9.2
ITM-000511,ORD-00163,PRD-0060,2,248.15,17.0
ITM-000512,ORD-00163,PRD-0010,5,269.92,42.9
ITM-000513,ORD-00163,PRD-0025,2,8.32,51.7
ITM-000514,ORD-00164,PRD-0054,4,752.53,58.2
ITM-000515,ORD-00164,PRD-0040,3,514.63,35.3
ITM-000516,ORD-00164,PRD-0016,4,310.94,33.9
ITM-000517,ORD-00165,PRD-0045,4,410.14,29.3
ITM-000518,ORD-00165,PRD-0050,3,741.58,44.1
ITM-000519,ORD-00166,PRD-0047,4,506.61,40.6
ITM-000520,ORD-00166,PRD-0059,2,755.69,8.8
ITM-000521,ORD-00167,PRD-0021,5,14.81,46.3
ITM-000522,ORD-00167,PRD-0076,4,779.45,4.8
ITM-000523,ORD-00168,PRD-0055,4,206.03,18.1
ITM-000524,ORD-00168,PRD-0049,5,470.93,44.0
ITM-000525,ORD-00169,PRD-0045,1,652.31,16.1
ITM-000526,ORD-00170,PRD-0001,4,789.69,49.0
ITM-000527,ORD-00170,PRD-0054,1,422.34,39.3
ITM-000528,ORD-00171,PRD-0024,2,564.72,11.9
ITM-000529,ORD-00171,PRD-0015,2,363.28,48.9
ITM-000530,ORD-00171,PRD-0024,2,648.3,11.5
ITM-000531,ORD-00171,PRD-0080,4,91.81,38.2
ITM-000532,ORD-00172,PRD-0016,3,225.03,20.5
ITM-000533,ORD-00173,PRD-0013,2,12.56,16.0
ITM-000534,ORD-00173,PRD-0006,1,81.99,31.3
ITM-000535,ORD-00173,PRD-0067,1,789.58,45.7
ITM-000536,ORD-00173,PRD-0044,4,485.48,20.2
ITM-000537,ORD-00173,PRD-0031,3,753.09,39.9
ITM-000538,ORD-00174,PRD-0046,5,699.1,48.4
ITM-000539,ORD-00174,PRD-0052,1,581.55,53.3
ITM-000540,ORD-00174,PRD-0016,-2,695.86,16.8
ITM-000541,ORD-00174,PRD-0080,2,550.52,52.2
ITM-000542,ORD-00175,PRD-0001,4,789.01,57.5
ITM-000543,ORD-00175,PRD-0047,-3,699.38,58.2
ITM-000544,ORD-00175,PRD-0030,3,487.38,24.0
ITM-000545,ORD-00175,PRD-0045,5,345.19,55.9
ITM-000546,ORD-00175,PRD-0013,4,588.75,17.6
ITM-000547,ORD-00176,PRD-0074,2,628.97,43.0
ITM-000548,ORD-00176,PRD-0012,1,244.57,40.4
ITM-000549,ORD-00177,PRD-0058,4,764.27,28.9
ITM-000550,ORD-00177,PRD-0028,5,140.49,56.7
ITM-000551,ORD-00177,PRD-0004,1,132.39,55.7
ITM-000552,ORD-00177,PRD-0029,4,576.74,40.0
ITM-000553,ORD-00177,PRD-0069,1,508.67,29.5
ITM-000554,ORD-00178,PRD-0077,2,56.41,20.6
ITM-000555,ORD-00178,PRD-0072,4,773.17,26.2
ITM-000556,ORD-00178,PRD-0015,2,236.33,6.7
ITM-000557,ORD-00179,PRD-0015,5,460.41,7.6
ITM-000558,ORD-00179,PRD-0074,3,590.85,18.6
ITM-000559,ORD-00179,PRD-0050,5,783.98,19.2
ITM-000560,ORD-00180,PRD-0078,2,474.67,6.4
ITM-000561,ORD-00180,PRD-0059,1,256.16,49.0
ITM-000562,ORD-00180,PRD-0064,3,545.58,8.8
ITM-000563,ORD-00181,PRD-0005,2,481.11,18.5
ITM-000564,ORD-00181,PRD-0074,1,385.23,49.7
ITM-000565,ORD-00181,PRD-0049,4,51.76,48.6
ITM-000566,ORD-00182,PRD-0029,2,561.82,3.2
ITM-000567,ORD-00182,PRD-0051,2,242.79,48.9
ITM-000568,ORD-00183,PRD-0044,1,340.84,28.4
ITM-000569,ORD-00183,PRD-0051,3,62.1,43.6
ITM-000570,ORD-00184,PRD-0071,2,318.05,7.9
ITM-000571,ORD-00184,PRD-0007,5,680.6,42.6
ITM-000572,ORD-00184,PRD-0074,4,114.36,41.8
ITM-000573,ORD-00185,PRD-0026,2,589.58,0.5
ITM-000574,ORD-00185,PRD-0019,5,304.36,59.0
ITM-000575,ORD-00185,PRD-0013,2,287.69,28.4
ITM-000576,ORD-00186,PRD-0044,1,476.75,58.2
ITM-000577,ORD-00187,PRD-0031,2,320.33,18.2
ITM-000578,ORD-00187,PRD-0049,5,621.8,59.5
ITM-000579,ORD-00187,PRD-0049,1,223.8,39.2
ITM-000580,ORD-00187,PRD-0015,-3,70.7,29.4
ITM-000581,ORD-00188,PRD-0074,-2,789.94,28.8
ITM-000582,ORD-00188,PRD-0024,1,310.25,60.0
ITM-000583,ORD-00188,PRD-0017,4,84.06,3.8
ITM-000584,ORD-00188,PRD-0003,5,318.07,49.0
ITM-000585,ORD-00188,PRD-0067,5,670.53,32.3
ITM-000586,ORD-00189,PRD-0016,2,148.63,35.9
ITM-000587,ORD-00190,PRD-0041,1,102.82,7.7
ITM-000588,ORD-00190,PRD-0012,2,452.18,51.1
ITM-000589,ORD-00191,PRD-0065,1,242.37,58.0
ITM-000590,ORD-00192,PRD-0001,4,202.43,2.8
ITM-000591,ORD-00192,PRD-0038,5,529.03,26.7
ITM-000592,ORD-00193,PRD-0067,4,729.07,59.8
ITM-000593,ORD-00193,PRD-0027,5,551.9,39.8
ITM-000594,ORD-00193,PRD-0025,1,117.63,51.4
ITM-000595,ORD-00193,PRD-0078,2,443.9,35.5
ITM-000596,ORD-00193,PRD-0080,3,340.5,33.0
ITM-000597,ORD-00194,PRD-0021,4,323.05,5.0
ITM-000598,ORD-00194,PRD-0019,3,431.04,4.2
ITM-000599,ORD-00194,PRD-0025,3,572.98,33.8
ITM-000600,ORD-00195,PRD-0020,5,256.51,47.3
ITM-000601,ORD-00195,PRD-0078,-4,201.76,16.2
ITM-000602,ORD-00195,PRD-0071,5,328.39,19.8
ITM-000603,ORD-00195,PRD-0043,1,623.57,8.8
ITM-000604,ORD-00195,PRD-0013,2,304.84,58.1
ITM-000605,ORD-00196,PRD-0016,1,144.71,43.7
ITM-000606,ORD-00196,PRD-0063,3,80.95,20.9
ITM-000607,ORD-00196,PRD-0071,5,220.49,5.9
ITM-000608,ORD-00196,PRD-0050,1,148.63,48.4
ITM-000609,ORD-00197,PRD-0052,5,384.11,7.7
ITM-000610,ORD-00197,PRD-0020,1,527.76,8.6
ITM-000611,ORD-00197,PRD-0007,5,735.16,38.4
ITM-000612,ORD-00197,PRD-0032,3,544.18,25.1
ITM-000613,ORD-00197,PRD-0046,4,639.78,30.1
ITM-000614,ORD-00198,PRD-0030,4,247.62,51.5
ITM-000615,ORD-00198,PRD-0041,3,676.97,38.1
ITM-000616,ORD-00198,PRD-0012,1,136.26,3.4
ITM-000617,ORD-00199,PRD-0002,5,769.92,25.4
ITM-000618,ORD-00199,PRD-0018,5,386.33,30.9
ITM-000619,ORD-00199,PRD-0052,5,16.05,11.4
ITM-000620,ORD-00200,PRD-0045,4,199.16,44.3
ITM-000621,ORD-00201,PRD-0058,5,771.89,40.5
ITM-000622,ORD-00201,PRD-0023,5,64.72,50.4
ITM-000623,ORD-00201,PRD-0007,5,341.06,22.7
ITM-000624,ORD-00201,PRD-0044,3,731.67,15.0
ITM-000625,ORD-00201,PRD-0016,5,235.6,29.0
ITM-000626,ORD-00202,PRD-0073,-2,317.93,55.4
ITM-000627,ORD-00202,PRD-0005,5,748.65,53.5
ITM-000628,ORD-00202,PRD-0001,4,494.35,19.7
ITM-000629,ORD-00203,PRD-0024,-1,324.64,0.5
ITM-000630,ORD-00203,PRD-0011,4,425.63,53.9
ITM-000631,ORD-00203,PRD-0063,4,10.49,46.2
ITM-000632,ORD-00204,PRD-0048,2,242.93,25.7
ITM-000633,ORD-00204,PRD-0035,2,91.41,26.3
ITM-000634,ORD-00204,PRD-0046,4,598.94,0.3
ITM-000635,ORD-00205,PRD-0006,1,111.28,25.3
ITM-000636,ORD-00205,PRD-0021,3,534.63,56.9
ITM-000637,ORD-00206,PRD-0071,1,398.98,40.9
ITM-000638,ORD-00206,PRD-0052,2,403.98,55.4
ITM-000639,ORD-00206,PRD-0014,4,635.21,7.6
ITM-000640,ORD-00207,PRD-0031,-5,46.37,49.8
ITM-000641,ORD-00207,PRD-0002,4,350.29,17.4
ITM-000642,ORD-00207,PRD-0055,4,201.96,9.1
ITM-000643,ORD-00208,PRD-0015,2,692.01,59.7
ITM-000644,ORD-00208,PRD-0055,2,162.74,42.4
ITM-000645,ORD-00208,PRD-0065,1,490.82,11.3
ITM-000646,ORD-00208,PRD-0020,5,187.36,7.9
ITM-000647,ORD-00208,PRD-0025,1,743.63,25.6
ITM-000648,ORD-00209,PRD-0007,2,307.38,31.5
ITM-000649,ORD-00209,PRD-0055,2,385.96,30.6
ITM-000650,ORD-00209,PRD-0035,1,294.04,56.6
ITM-000651,ORD-00209,PRD-0007,4,149.49,0.0
ITM-000652,ORD-00209,PRD-0061,3,227.73,36.4
ITM-000653,ORD-00210,PRD-0063,2,294.05,18.3
ITM-000654,ORD-00210,PRD-0071,1,617.52,7.8
ITM-000655,ORD-00210,PRD-0047,3,595.63,35.3
ITM-000656,ORD-00210,PRD-0036,5,171.98,23.0
ITM-000657,ORD-00211,PRD-0078,2,100.68,35.2
ITM-000658,ORD-00212,PRD-0013,2,64.53,32.8
ITM-000659,ORD-00212,PRD-0061,3,791.77,12.1
ITM-000660,ORD-00213,PRD-0054,1,442.64,15.2
ITM-000661,ORD-00213,PRD-0047,5,361.54,43.0
ITM-000662,ORD-00214,PRD-0068,1,745.41,30.2
ITM-000663,ORD-00214,PRD-0036,1,558.88,7.7
ITM-000664,ORD-00214,PRD-0008,1,636.54,41.6
ITM-000665,ORD-00214,PRD-0069,4,696.85,58.3
ITM-000666,ORD-00215,PRD-0050,4,452.19,23.4
ITM-000667,ORD-00215,PRD-0024,5,7.86,34.3
ITM-000668,ORD-00216,PRD-0066,1,367.08,42.5
ITM-000669,ORD-00216,PRD-0029,5,240.61,16.1
ITM-000670,ORD-00216,PRD-0006,1,429.18,17.5
ITM-000671,ORD-00216,PRD-0036,2,742.16,16.2
ITM-000672,ORD-00216,PRD-0032,1,791.68,12.6
ITM-000673,ORD-00217,PRD-0078,1,777.91,19.5
ITM-000674,ORD-00218,PRD-0053,3,719.18,17.7
ITM-000675,ORD-00218,PRD-0002,1,660.03,13.2
ITM-000676,ORD-00218,PRD-0003,3,432.22,58.7
ITM-000677,ORD-00218,PRD-0049,5,756.8,15.4
ITM-000678,ORD-00218,PRD-0057,5,180.41,16.1
ITM-000679,ORD-00219,PRD-0030,4,585.2,26.0
ITM-000680,ORD-00219,PRD-0012,2,399.29,27.6
ITM-000681,ORD-00219,PRD-0063,2,754.97,10.8
ITM-000682,ORD-00219,PRD-0021,-3,708.78,49.0
ITM-000683,ORD-00219,PRD-0019,5,62.28,14.7
ITM-000684,ORD-00220,PRD-0018,1,582.78,48.5
ITM-000685,ORD-00220,PRD-0050,5,21.47,49.6
ITM-000686,ORD-00220,PRD-0011,1,217.79,56.3
ITM-000687,ORD-00220,PRD-0002,-5,766.31,6.4
ITM-000688,ORD-00221,PRD-0062,1,608.94,53.5
ITM-000689,ORD-00221,PRD-0062,2,127.84,3.4
ITM-000690,ORD-00221,PRD-0016,3,21.86,2.7
ITM-000691,ORD-00222,PRD-0054,3,117.76,54.7
ITM-000692,ORD-00222,PRD-0050,1,122.16,39.3
ITM-000693,ORD-00222,PRD-0050,2,550.98,42.9
ITM-000694,ORD-00222,PRD-0015,1,183.5,57.4
ITM-000695,ORD-00222,PRD-0079,3,270.31,21.6
ITM-000696,ORD-00223,PRD-0023,1,345.76,20.1
ITM-000697,ORD-00224,PRD-0039,4,501.68,17.2
ITM-000698,ORD-00224,PRD-0064,1,531.08,56.0
ITM-000699,ORD-00225,PRD-0020,1,623.34,8.8
ITM-000700,ORD-00226,PRD-0062,4,652.65,6.8
ITM-000701,ORD-00226,PRD-0036,4,120.01,19.4
ITM-000702,ORD-00227,PRD-0046,2,258.86,25.4
ITM-000703,ORD-00227,PRD-0043,4,114.89,56.6
ITM-000704,ORD-00228,PRD-0064,4,433.3,29.6
ITM-000705,ORD-00228,PRD-0050,5,71.48,42.9
ITM-000706,ORD-00229,PRD-0029,5,563.96,14.1
ITM-000707,ORD-00229,PRD-0003,1,293.11,28.4
ITM-000708,ORD-00229,PRD-0008,2,729.53,21.7
ITM-000709,ORD-00229,PRD-0019,2,669.03,33.1
ITM-000710,ORD-00229,PRD-0029,4,49.41,8.3
ITM-000711,ORD-00230,PRD-0055,4,300.49,42.1
ITM-000712,ORD-00230,PRD-0077,5,697.03,1.8
ITM-000713,ORD-00231,PRD-0010,2,14.92,49.9
ITM-000714,ORD-00231,PRD-0024,4,378.46,8.4
ITM-000715,ORD-00231,PRD-0039,5,378.8,43.4
ITM-000716,ORD-00232,PRD-0020,1,52.7,38.5
ITM-000717,ORD-00232,PRD-0065,5,132.48,23.8
ITM-000718,ORD-00232,PRD-0059,4,445.55,49.8
ITM-000719,ORD-00232,PRD-0030,5,341.82,9.4
ITM-000720,ORD-00233,PRD-0017,5,595.79,24.0
ITM-000721,ORD-00234,PRD-0072,2,486.04,4.6
ITM-000722,ORD-00235,PRD-0052,4,662.67,9.9
ITM-000723,ORD-00235,PRD-0025,3,219.59,6.3
ITM-000724,ORD-00235,PRD-0043,3,27.3,16.9
ITM-000725,ORD-00235,PRD-0028,5,479.7,45.4
ITM-000726,ORD-00236,PRD-0005,2,196.07,5.1
ITM-000727,ORD-00236,PRD-0073,5,789.26,29.0
ITM-000728,ORD-00236,PRD-0040,1,11.74,21.4
ITM-000729,ORD-00237,PRD-0041,4,602.71,43.5
ITM-000730,ORD-00237,PRD-0013,2,268.4,53.8
ITM-000731,ORD-00237,PRD-0020,5,23.83,47.8
ITM-000732,ORD-00238,PRD-0005,5,235.64,9.1
ITM-000733,ORD-00238,PRD-0012,4,762.49,13.9
ITM-000734,ORD-00238,PRD-0019,2,616.22,9.7
ITM-000735,ORD-00238,PRD-0078,5,522.86,55.8
ITM-000736,ORD-00239,PRD-0044,4,236.22,37.4
ITM-000737,ORD-00239,PRD-0050,4,195.09,59.8
ITM-000738,ORD-00239,PRD-0020,5,455.69,59.7
ITM-000739,ORD-00240,PRD-0040,1,439.97,58.1
ITM-000740,ORD-00241,PRD-0041,4,139.93,17.7
ITM-000741,ORD-00242,PRD-0046,3,75.94,10.8
ITM-000742,ORD-00243,PRD-0033,3,611.7,26.5
ITM-000743,ORD-00243,PRD-0073,2,393.17,21.8
ITM-000744,ORD-00243,PRD-0080,3,734.13,7.7
ITM-000745,ORD-00243,PRD-0080,3,761.88,22.4
ITM-000746,ORD-00244,PRD-0006,5,498.39,38.6
ITM-000747,ORD-00244,PRD-0072,2,11.31,51.2
ITM-000748,ORD-00244,PRD-0073,3,322.43,4.4
ITM-000749,ORD-00244,PRD-0012,4,282.41,28.1
ITM-000750,ORD-00245,PRD-0024,4,586.76,55.0
ITM-000751,ORD-00245,PRD-0026,4,324.21,3.9
ITM-000752,ORD-00245,PRD-0063,3,174.04,44.5
ITM-000753,ORD-00245,PRD-0005,1,438.34,56.9
ITM-000754,ORD-00245,PRD-0041,2,456.72,59.3
ITM-000755,ORD-00246,PRD-0047,1,632.7,58.7
ITM-000756,ORD-00246,PRD-0003,2,762.35,41.0
ITM-000757,ORD-00246,PRD-0023,3,71.46,4.2
ITM-000758,ORD-00246,PRD-0058,4,697.67,31.5
ITM-000759,ORD-00247,PRD-0012,2,716.49,25.7
ITM-000760,ORD-00247,PRD-0045,3,753.84,28.9
ITM-000761,ORD-00247,PRD-0021,5,772.64,26.2
ITM-000762,ORD-00248,PRD-0072,4,627.54,35.8
ITM-000763,ORD-00248,PRD-0075,1,495.13,19.4
ITM-000764,ORD-00248,PRD-0059,-3,747.39,30.0
ITM-000765,ORD-00248,PRD-0053,3,213.93,43.3
ITM-000766,ORD-00248,PRD-0017,4,509.26,38.3
ITM-000767,ORD-00249,PRD-0025,1,339.04,32.8
ITM-000768,ORD-00249,PRD-0028,2,281.73,57.1
ITM-000769,ORD-00249,PRD-0048,5,651.95,1.0
ITM-000770,ORD-00249,PRD-0016,3,560.96,38.9
ITM-000771,ORD-00249,PRD-0046,4,285.01,32.5
ITM-000772,ORD-00250,PRD-0023,3,369.76,22.4
ITM-000773,ORD-00250,PRD-0070,5,351.52,17.1
ITM-000774,ORD-00250,PRD-0080,4,750.63,54.4
ITM-000775,ORD-00250,PRD-0014,1,76.26,1.0
ITM-000776,ORD-00250,PRD-0080,4,742.15,6.0
ITM-000777,ORD-00251,PRD-0005,5,535.83,51.1
ITM-000778,ORD-00251,PRD-0059,2,443.51,6.9
ITM-000779,ORD-00251,PRD-0045,4,774.25,54.8
ITM-000780,ORD-00251,PRD-0051,4,11.05,22.5
ITM-000781,ORD-00252,PRD-0034,5,249.38,54.2
ITM-000782,ORD-00252,PRD-0001,4,720.65,24.9
ITM-000783,ORD-00253,PRD-0048,1,673.41,31.1
ITM-000784,ORD-00254,PRD-0074,3,794.3,14.5
ITM-000785,ORD-00254,PRD-0051,4,663.7,48.1
ITM-000786,ORD-00254,PRD-0050,5,782.0,10.4
ITM-000787,ORD-00254,PRD-0056,3,188.62,42.6
ITM-000788,ORD-00254,PRD-0074,2,628.5,50.6
ITM-000789,ORD-00255,PRD-0042,5,166.99,5.6
ITM-000790,ORD-00255,PRD-0076,-4,126.67,37.1
ITM-000791,ORD-00255,PRD-0011,5,459.58,1.5
ITM-000792,ORD-00256,PRD-0046,4,153.31,39.2
ITM-000793,ORD-00256,PRD-0069,2,673.16,43.6
ITM-000794,ORD-00257,PRD-0036,3,70.96,8.6
ITM-000795,ORD-00257,PRD-0075,1,694.22,6.7
ITM-000796,ORD-00257,PRD-0019,5,229.56,53.7
ITM-000797,ORD-00257,PRD-0047,1,730.61,12.5
ITM-000798,ORD-00258,PRD-0053,4,63.49,57.6
ITM-000799,ORD-00259,PRD-0049,2,712.32,38.0
ITM-000800,ORD-00260,PRD-0002,2,723.39,39.6
ITM-000801,ORD-00260,PRD-0016,5,780.85,59.6
ITM-000802,ORD-00260,PRD-0077,4,439.45,9.5
ITM-000803,ORD-00260,PRD-0025,3,486.86,32.2
ITM-000804,ORD-00261,PRD-0028,5,694.17,6.9
ITM-000805,ORD-00261,PRD-0018,-2,179.71,43.7
ITM-000806,ORD-00261,PRD-0062,2,163.39,5.5
ITM-000807,ORD-00261,PRD-0060,5,597.43,29.7
ITM-000808,ORD-00261,PRD-0025,5,203.82,11.9
ITM-000809,ORD-00262,PRD-0076,4,252.71,47.6
ITM-000810,ORD-00262,PRD-0058,4,341.87,44.8
ITM-000811,ORD-00262,PRD-0078,3,309.52,12.0
ITM-000812,ORD-00263,PRD-0009,3,362.28,53.4
ITM-000813,ORD-00263,PRD-0053,5,238.31,49.6
ITM-000814,ORD-00263,PRD-0004,5,96.15,48.5
ITM-000815,ORD-00264,PRD-0010,2,176.07,22.3
ITM-000816,ORD-00264,PRD-0016,2,12.66,41.3
ITM-000817,ORD-00264,PRD-0073,3,637.22,53.9
ITM-000818,ORD-00264,PRD-0037,5,483.43,31.6
ITM-000819,ORD-00265,PRD-0078,5,757.29,48.4
ITM-000820,ORD-00266,PRD-0054,5,547.29,26.1
ITM-000821,ORD-00267,PRD-0064,2,401.43,59.4
ITM-000822,ORD-00267,PRD-0058,4,141.06,19.6
ITM-000823,ORD-00267,PRD-0003,4,231.6,38.6
ITM-000824,ORD-00268,PRD-0037,1,109.19,58.0
ITM-000825,ORD-00268,PRD-0068,1,36.1,38.7
ITM-000826,ORD-00268,PRD-0054,1,579.99,16.5
ITM-000827,ORD-00268,PRD-0072,3,620.82,29.6
ITM-000828,ORD-00268,PRD-0059,1,397.2,38.5
ITM-000829,ORD-00269,PRD-0014,3,28.28,2.9
ITM-000830,ORD-00270,PRD-0042,2,689.8,43.5
ITM-000831,ORD-00271,PRD-0048,2,653.84,32.3
ITM-000832,ORD-00271,PRD-0007,1,211.45,47.1
ITM-000833,ORD-00272,PRD-0010,1,214.66,41.3
ITM-000834,ORD-00273,PRD-0018,3,468.85,7.2
ITM-000835,ORD-00273,PRD-0075,3,710.8,58.0
ITM-000836,ORD-00273,PRD-0016,4,419.8,14.4
ITM-000837,ORD-00273,PRD-0036,4,260.92,43.9
ITM-000838,ORD-00274,PRD-0038,1,570.55,21.2
ITM-000839,ORD-00274,PRD-0027,2,557.5,4.5
ITM-000840,ORD-00275,PRD-0028,1,377.18,23.1
ITM-000841,ORD-00275,PRD-0027,4,652.13,45.7
ITM-000842,ORD-00275,PRD-0040,5,568.27,39.3
ITM-000843,ORD-00275,PRD-0017,5,178.93,21.8
ITM-000844,ORD-00276,PRD-0052,5,154.42,16.7
ITM-000845,ORD-00276,PRD-0074,2,520.46,8.8
ITM-000846,ORD-00276,PRD-0031,1,18.19,27.7
ITM-000847,ORD-00276,PRD-0068,-3,364.85,15.9
ITM-000848,ORD-00277,PRD-0028,1,124.74,30.1
ITM-000849,ORD-00277,PRD-0057,5,221.71,5.9
ITM-000850,ORD-00277,PRD-0055,4,159.18,11.4
ITM-000851,ORD-00277,PRD-0068,2,487.92,31.1
ITM-000852,ORD-00277,PRD-0032,1,767.38,13.2
ITM-000853,ORD-00278,PRD-0031,1,57.35,6.1
ITM-000854,ORD-00279,PRD-0052,5,316.57,6.1
ITM-000855,ORD-00279,PRD-0022,3,629.65,20.9
ITM-000856,ORD-00280,PRD-0001,5,79.92,30.2
ITM-000857,ORD-00280,PRD-0040,5,682.79,41.3
ITM-000858,ORD-00280,PRD-0009,2,137.48,19.9
ITM-000859,ORD-00281,PRD-0061,2,345.2,1.2
ITM-000860,ORD-00281,PRD-0022,3,544.97,51.2
ITM-000861,ORD-00281,PRD-0061,5,468.61,29.3
ITM-000862,ORD-00281,PRD-0006,2,656.05,34.0
ITM-000863,ORD-00282,PRD-0022,2,605.22,46.5
ITM-000864,ORD-00282,PRD-0043,1,364.83,44.1
ITM-000865,ORD-00282,PRD-0063,5,206.56,27.5
ITM-000866,ORD-00283,PRD-0067,3,620.75,51.4
ITM-000867,ORD-00283,PRD-0035,5,550.2,43.7
ITM-000868,ORD-00283,PRD-0053,1,685.73,39.6
ITM-000869,ORD-00284,PRD-0032,3,464.18,41.7
ITM-000870,ORD-00284,PRD-0012,4,159.1,57.3
ITM-000871,ORD-00285,PRD-0070,3,719.88,27.0
ITM-000872,ORD-00286,PRD-0045,2,710.96,23.5
ITM-000873,ORD-00286,PRD-0036,4,250.91,2.5
ITM-000874,ORD-00286,PRD-0079,5,102.75,47.7
ITM-000875,ORD-00286,PRD-0045,5,234.28,58.2
ITM-000876,ORD-00286,PRD-0019,4,375.72,9.0
ITM-000877,ORD-00287,PRD-0021,5,246.4,17.3
ITM-000878,ORD-00287,PRD-0006,-3,177.77,49.5
ITM-000879,ORD-00287,PRD-0040,1,9.05,21.1
ITM-000880,ORD-00288,PRD-0045,1,703.58,47.1
ITM-000881,ORD-00289,PRD-0012,5,571.99,8.6
ITM-000882,ORD-00289,PRD-0011,2,236.19,1.9
ITM-000883,ORD-00289,PRD-0050,3,340.94,58.0
ITM-000884,ORD-00289,PRD-0039,1,479.65,10.4
ITM-000885,ORD-00289,PRD-0042,4,644.48,8.4
ITM-000886,ORD-00290,PRD-0071,3,163.62,18.3
ITM-000887,ORD-00290,PRD-0060,3,438.94,22.6
ITM-000888,ORD-00291,PRD-0057,1,556.84,30.2
ITM-000889,ORD-00291,PRD-0055,3,375.91,57.7
ITM-000890,ORD-00291,PRD-0072,-4,26.01,46.0
ITM-000891,ORD-00291,PRD-0079,1,725.94,47.2
ITM-000892,ORD-00292,PRD-0080,5,436.9,33.9
ITM-000893,ORD-00292,PRD-0051,3,105.12,40.2
ITM-000894,ORD-00292,PRD-0067,4,370.88,3.3
ITM-000895,ORD-00292,PRD-0014,1,270.12,5.8
ITM-000896,ORD-00292,PRD-0043,3,692.13,7.3
ITM-000897,ORD-00293,PRD-0007,5,562.75,31.0
ITM-000898,ORD-00293,PRD-0064,5,113.44,53.7
ITM-000899,ORD-00293,PRD-0040,2,576.72,56.2
ITM-000900,ORD-00293,PRD-0026,4,96.19,0.0
ITM-000901,ORD-00293,PRD-0067,5,82.01,12.3
ITM-000902,ORD-00294,PRD-0057,1,315.62,55.6
ITM-000903,ORD-00294,PRD-0024,3,657.12,50.5
ITM-000904,ORD-00294,PRD-0079,5,546.65,51.6
ITM-000905,ORD-00294,PRD-0019,5,510.78,11.1
ITM-000906,ORD-00295,PRD-0070,2,164.28,28.8
ITM-000907,ORD-00295,PRD-0076,3,396.91,40.1
ITM-000908,ORD-00296,PRD-0014,4,373.85,48.8
ITM-000909,ORD-00296,PRD-0059,-2,100.5,23.4
ITM-000910,ORD-00296,PRD-0080,5,358.36,54.5
ITM-000911,ORD-00296,PRD-0060,3,706.53,27.5
ITM-000912,ORD-00297,PRD-0065,2,172.57,54.2
ITM-000913,ORD-00298,PRD-0023,4,526.46,21.1
ITM-000914,ORD-00298,PRD-0018,5,226.28,45.8
ITM-000915,ORD-00298,PRD-0009,3,733.35,38.7
ITM-000916,ORD-00298,PRD-0078,4,528.88,34.6
ITM-000917,ORD-00298,PRD-0068,5,211.08,41.9
ITM-000918,ORD-00299,PRD-0080,5,664.76,4.1
ITM-000919,ORD-00299,PRD-0021,1,189.2,39.9
ITM-000920,ORD-00299,PRD-0061,4,262.31,13.9
ITM-000921,ORD-00299,PRD-0023,2,583.89,23.0
ITM-000922,ORD-00299,PRD-0008,4,491.46,6.9
ITM-000923,ORD-00300,PRD-0078,4,506.88,1.8
ITM-000924,ORD-00301,PRD-0058,3,305.22,59.3
ITM-000925,ORD-00301,PRD-0026,5,205.73,26.3
ITM-000926,ORD-00302,PRD-0021,2,350.08,31.7
ITM-000927,ORD-00302,PRD-0004,2,505.15,40.1
ITM-000928,ORD-00302,PRD-0018,2,715.17,21.6
ITM-000929,ORD-00303,PRD-0010,5,275.87,40.9
ITM-000930,ORD-00303,PRD-0027,5,458.44,28.4
ITM-000931,ORD-00303,PRD-0072,3,683.47,48.1
ITM-000932,ORD-00303,PRD-0049,4,699.81,34.1
ITM-000933,ORD-00304,PRD-0016,5,401.48,3.1
ITM-000934,ORD-00304,PRD-0029,5,657.96,17.4
ITM-000935,ORD-00305,PRD-0009,4,698.59,9.5
ITM-000936,ORD-00305,PRD-0074,3,196.91,31.1
ITM-000937,ORD-00305,PRD-0052,5,496.82,32.8
ITM-000938,ORD-00306,PRD-0034,5,524.32,1.9
ITM-000939,ORD-00307,PRD-0008,3,115.73,32.8
ITM-000940,ORD-00307,PRD-0008,3,192.32,4.4
ITM-000941,ORD-00307,PRD-0005,5,279.95,4.2
ITM-000942,ORD-00307,PRD-0079,4,743.84,53.3
ITM-000943,ORD-00308,PRD-0006,2,87.73,29.8
ITM-000944,ORD-00308,PRD-0056,2,384.69,46.9
ITM-000945,ORD-00308,PRD-0008,-2,25.95,46.9
ITM-000946,ORD-00308,PRD-0049,2,547.14,44.3
ITM-000947,ORD-00309,PRD-0049,4,557.88,25.8
ITM-000948,ORD-00309,PRD-0015,4,353.17,53.8
ITM-000949,ORD-00309,PRD-0044,3,352.04,3.5
ITM-000950,ORD-00309,PRD-0002,2,185.57,44.8
ITM-000951,ORD-00309,PRD-0002,5,699.24,15.0
ITM-000952,ORD-00310,PRD-0057,1,148.57,2.6
ITM-000953,ORD-00311,PRD-0032,5,798.48,7.8
ITM-000954,ORD-00311,PRD-0016,4,526.99,4.6
ITM-000955,ORD-00311,PRD-0046,5,718.62,51.5
ITM-000956,ORD-00312,PRD-0071,3,237.68,39.2
ITM-000957,ORD-00312,PRD-0041,5,559.73,30.2
ITM-000958,ORD-00312,PRD-0053,1,565.87,37.3
ITM-000959,ORD-00312,PRD-0018,3,673.93,31.3
ITM-000960,ORD-00313,PRD-0048,5,581.3,47.3
ITM-000961,ORD-00313,PRD-0057,1,521.68,27.2
ITM-000962,ORD-00313,PRD-0005,-1,219.89,35.3
ITM-000963,ORD-00314,PRD-0079,1,310.23,1.1
ITM-000964,ORD-00314,PRD-0006,4,183.44,22.8
ITM-000965,ORD-00314,PRD-0040,4,29.89,45.8
ITM-000966,ORD-00315,PRD-0044,5,738.55,54.4
ITM-000967,ORD-00316,PRD-0044,2,582.0,37.3
ITM-000968,ORD-00316,PRD-0008,4,646.88,33.2
ITM-000969,ORD-00316,PRD-0069,3,373.48,34.4
ITM-000970,ORD-00316,PRD-0034,5,134.23,22.9
ITM-000971,ORD-00316,PRD-0002,2,228.16,41.0
ITM-000972,ORD-00317,PRD-0070,1,240.18,34.3
ITM-000973,ORD-00317,PRD-0047,1,218.65,15.0
ITM-000974,ORD-00317,PRD-0040,-5,456.91,19.3
ITM-000975,ORD-00318,PRD-0003,2,354.73,28.0
ITM-000976,ORD-00318,PRD-0072,3,178.18,3.5
ITM-000977,ORD-00318,PRD-0079,1,443.4,57.2
ITM-000978,ORD-00319,PRD-0036,2,211.33,29.7
ITM-000979,ORD-00319,PRD-0019,2,697.64,39.4
ITM-000980,ORD-00319,PRD-0005,2,151.48,30.4
ITM-000981,ORD-00319,PRD-0006,4,444.96,13.7
ITM-000982,ORD-00320,PRD-0046,-3,434.65,2.7
ITM-000983,ORD-00320,PRD-0010,2,408.02,6.8
ITM-000984,ORD-00320,PRD-0042,1,458.44,49.7
ITM-000985,ORD-00321,PRD-0037,1,118.75,19.6
ITM-000986,ORD-00321,PRD-0053,3,718.43,22.5
ITM-000987,ORD-00321,PRD-0021,3,297.8,17.5
ITM-000988,ORD-00321,PRD-0004,2,89.45,12.7
ITM-000989,ORD-00322,PRD-0066,5,627.86,42.8
ITM-000990,ORD-00322,PRD-0075,2,30.92,43.6
ITM-000991,ORD-00322,PRD-0011,4,764.37,57.5
ITM-000992,ORD-00323,PRD-0074,5,506.11,44.0
ITM-000993,ORD-00323,PRD-0068,5,639.57,36.4
ITM-000994,ORD-00324,PRD-0035,5,160.04,34.5
ITM-000995,ORD-00324,PRD-0047,2,188.56,18.9
ITM-000996,ORD-00324,PRD-0057,1,587.57,52.8
ITM-000997,ORD-00324,PRD-0072,3,406.99,54.9
ITM-000998,ORD-00324,PRD-0058,4,630.11,13.8
ITM-000999,ORD-00325,PRD-0053,5,540.91,40.0
ITM-001000,ORD-00325,PRD-0037,5,276.55,7.1
ITM-001001,ORD-00326,PRD-0019,4,462.93,38.0
ITM-001002,ORD-00326,PRD-0059,2,17.33,7.2
ITM-001003,ORD-00326,PRD-0061,3,595.57,7.6
ITM-001004,ORD-00326,PRD-0004,1,553.59,59.4
ITM-001005,ORD-00327,PRD-0050,5,723.89,21.3
ITM-001006,ORD-00327,PRD-0031,4,571.03,7.1
ITM-001007,ORD-00328,PRD-0014,5,795.34,2.7
ITM-001008,ORD-00328,PRD-0053,3,506.51,44.4
ITM-001009,ORD-00328,PRD-0062,4,561.59,44.0
ITM-001010,ORD-00329,PRD-0001,5,476.87,22.2
ITM-001011,ORD-00329,PRD-0057,4,145.49,43.4
ITM-001012,ORD-00329,PRD-0013,3,189.65,29.6
ITM-001013,ORD-00329,PRD-0068,1,465.96,50.6
ITM-001014,ORD-00329,PRD-0050,4,258.27,10.7
ITM-001015,ORD-00330,PRD-0027,1,347.28,16.7
ITM-001016,ORD-00330,PRD-0045,5,231.41,7.1
ITM-001017,ORD-00331,PRD-0022,4,234.34,55.1
ITM-001018,ORD-00331,PRD-0030,5,534.81,8.5
ITM-001019,ORD-00331,PRD-0066,2,605.12,1.6
ITM-001020,ORD-00332,PRD-0025,5,10.3,50.0
ITM-001021,ORD-00333,PRD-0074,3,344.07,26.7
ITM-001022,ORD-00334,PRD-0015,4,574.42,55.2
ITM-001023,ORD-00334,PRD-0056,1,397.14,5.2
ITM-001024,ORD-00335,PRD-0015,3,774.91,48.2
ITM-001025,ORD-00335,PRD-0042,2,129.6,20.1
ITM-001026,ORD-00336,PRD-0010,5,566.91,18.9
ITM-001027,ORD-00336,PRD-0067,1,257.43,50.5
ITM-001028,ORD-00336,PRD-0002,1,200.5,35.2
ITM-001029,ORD-00336,PRD-0034,2,378.74,29.1
ITM-001030,ORD-00337,PRD-0026,4,509.64,5.3
ITM-001031,ORD-00337,PRD-0028,5,7.54,4.0
ITM-001032,ORD-00338,PRD-0023,5,35.86,41.3
ITM-001033,ORD-00338,PRD-0075,5,191.6,20.9
ITM-001034,ORD-00338,PRD-0024,5,702.92,50.4
ITM-001035,ORD-00338,PRD-0063,3,638.41,23.5
ITM-001036,ORD-00338,PRD-0038,3,81.74,6.7
ITM-001037,ORD-00339,PRD-0042,4,201.68,25.5
ITM-001038,ORD-00339,PRD-0041,2,530.19,20.9
ITM-001039,ORD-00339,PRD-0062,4,672.9,51.8
ITM-001040,ORD-00340,PRD-0004,4,236.29,30.4
ITM-001041,ORD-00340,PRD-0042,4,212.98,19.1
ITM-001042,ORD-00340,PRD-0055,4,321.95,54.7
ITM-001043,ORD-00340,PRD-0029,3,275.17,49.1
ITM-001044,ORD-00340,PRD-0029,3,460.14,10.0
ITM-001045,ORD-00341,PRD-0079,1,490.55,7.8
ITM-001046,ORD-00341,PRD-0003,-5,642.92,5.4
ITM-001047,ORD-00342,PRD-0071,3,55.45,3.0
ITM-001048,ORD-00342,PRD-0026,2,788.25,50.3
ITM-001049,ORD-00342,PRD-0030,4,235.7,9.7
ITM-001050,ORD-00343,PRD-0071,3,588.0,56.4
ITM-001051,ORD-00343,PRD-0068,1,86.5,23.9
ITM-001052,ORD-00343,PRD-0037,4,244.67,13.8
ITM-001053,ORD-00344,PRD-0016,1,651.33,22.7
ITM-001054,ORD-00344,PRD-0035,4,690.28,4.6
ITM-001055,ORD-00345,PRD-0070,-4,485.87,9.1
ITM-001056,ORD-00345,PRD-0025,5,666.02,51.6
ITM-001057,ORD-00345,PRD-0003,3,245.21,27.5
ITM-001058,ORD-00345,PRD-0074,1,379.76,17.5
ITM-001059,ORD-00345,PRD-0053,1,450.99,29.0
ITM-001060,ORD-00346,PRD-0003,5,794.56,43.7
ITM-001061,ORD-00346,PRD-0014,3,364.55,34.7
ITM-001062,ORD-00346,PRD-0030,1,360.43,28.6
ITM-001063,ORD-00346,PRD-0043,1,119.3,37.8
ITM-001064,ORD-00346,PRD-0022,1,170.11,56.5
ITM-001065,ORD-00347,PRD-0052,2,495.11,28.4
ITM-001066,ORD-00347,PRD-0008,5,615.09,15.1
ITM-001067,ORD-00347,PRD-0020,3,34.03,41.3
ITM-001068,ORD-00347,PRD-0001,5,218.18,12.6
ITM-001069,ORD-00347,PRD-0070,5,402.35,57.6
ITM-001070,ORD-00348,PRD-0062,3,413.97,51.5
ITM-001071,ORD-00348,PRD-0055,1,560.91,22.5
ITM-001072,ORD-00349,PRD-0016,2,137.13,26.3
ITM-001073,ORD-00350,PRD-0064,1,140.72,48.2
ITM-001074,ORD-00351,PRD-0071,2,337.43,0.6
ITM-001075,ORD-00351,PRD-0038,1,577.35,52.8
ITM-001076,ORD-00351,PRD-0079,3,712.19,33.8
ITM-001077,ORD-00351,PRD-0067,2,549.59,48.2
ITM-001078,ORD-00352,PRD-0061,5,372.99,56.2
ITM-001079,ORD-00352,PRD-0061,2,12.81,25.0
ITM-001080,ORD-00352,PRD-0001,2,252.91,11.3
ITM-001081,ORD-00353,PRD-0013,5,53.58,28.1
ITM-001082,ORD-00354,PRD-0072,1,707.26,20.7
ITM-001083,ORD-00354,PRD-0036,1,230.93,54.7
ITM-001084,ORD-00355,PRD-0048,5,501.48,24.2
ITM-001085,ORD-00355,PRD-0026,3,66.59,9.1
ITM-001086,ORD-00355,PRD-0034,2,453.11,7.6
ITM-001087,ORD-00355,PRD-0050,5,267.48,46.3
ITM-001088,ORD-00356,PRD-0079,5,536.46,28.4
ITM-001089,ORD-00356,PRD-0030,-2,791.32,5.5
ITM-001090,ORD-00356,PRD-0022,5,382.99,0.0
ITM-001091,ORD-00356,PRD-0007,1,113.9,48.4
ITM-001092,ORD-00356,PRD-0042,4,245.53,45.6
ITM-001093,ORD-00357,PRD-0050,5,566.46,21.3
ITM-001094,ORD-00357,PRD-0011,5,707.21,50.5
ITM-001095,ORD-00358,PRD-0056,3,450.59,29.4
ITM-001096,ORD-00358,PRD-0072,3,720.31,39.1
ITM-001097,ORD-00359,PRD-0060,1,617.74,20.8
ITM-001098,ORD-00359,PRD-0072,4,701.65,55.2
ITM-001099,ORD-00360,PRD-0002,4,160.69,21.7
ITM-001100,ORD-00360,PRD-0040,-2,266.12,54.7
ITM-001101,ORD-00361,PRD-0078,5,222.06,38.8
ITM-001102,ORD-00361,PRD-0033,4,222.97,3.4
ITM-001103,ORD-00361,PRD-0061,5,797.8,37.9
ITM-001104,ORD-00362,PRD-0070,2,646.91,2.3
ITM-001105,ORD-00362,PRD-0020,1,565.98,10.6
ITM-001106,ORD-00362,PRD-0016,2,49.56,38.2
ITM-001107,ORD-00362,PRD-0070,1,225.6,51.2
ITM-001108,ORD-00363,PRD-0041,1,718.7,10.2
ITM-001109,ORD-00363,PRD-0047,5,415.49,56.4
ITM-001110,ORD-00363,PRD-0008,4,56.64,49.5
ITM-001111,ORD-00363,PRD-0035,5,71.76,26.6
ITM-001112,ORD-00363,PRD-0065,3,330.35,38.1
ITM-001113,ORD-00364,PRD-0045,3,98.58,28.0
ITM-001114,ORD-00365,PRD-0012,5,97.43,5.4
ITM-001115,ORD-00366,PRD-0003,2,614.54,47.3
ITM-001116,ORD-00367,PRD-0032,3,249.69,40.9
ITM-001117,ORD-00367,PRD-0017,2,251.84,22.8
ITM-001118,ORD-00368,PRD-0073,2,255.86,13.6
ITM-001119,ORD-00368,PRD-0026,2,145.8,17.7
ITM-001120,ORD-00368,PRD-0063,4,287.35,21.8
ITM-001121,ORD-00369,PRD-0022,4,34.2,50.1
ITM-001122,ORD-00369,PRD-0073,4,172.48,42.1
ITM-001123,ORD-00369,PRD-0037,3,169.92,42.0
ITM-001124,ORD-00369,PRD-0035,5,77.15,46.4
ITM-001125,ORD-00369,PRD-0034,3,30.0,6.9
ITM-001126,ORD-00370,PRD-0076,4,261.78,33.8
ITM-001127,ORD-00370,PRD-0042,5,562.52,37.8
ITM-001128,ORD-00371,PRD-0043,2,272.65,54.2
ITM-001129,ORD-00372,PRD-0060,3,439.69,45.1
ITM-001130,ORD-00372,PRD-0059,4,476.89,41.7
ITM-001131,ORD-00373,PRD-0033,4,580.08,36.1
ITM-001132,ORD-00373,PRD-0039,4,36.9,55.7
ITM-001133,ORD-00373,PRD-0065,2,90.74,25.6
ITM-001134,ORD-00373,PRD-0052,3,476.5,9.8
ITM-001135,ORD-00374,PRD-0068,3,162.78,58.3
ITM-001136,ORD-00374,PRD-0043,2,631.91,3.2
ITM-001137,ORD-00375,PRD-0019,3,642.18,27.5
ITM-001138,ORD-00376,PRD-0019,-4,164.32,10.3
ITM-001139,ORD-00376,PRD-0031,3,686.92,26.2
ITM-001140,ORD-00377,PRD-0048,2,8.93,9.6
ITM-001141,ORD-00377,PRD-0051,1,560.53,54.8
ITM-001142,ORD-00378,PRD-0013,4,313.12,19.1
ITM-001143,ORD-00378,PRD-0042,2,718.93,49.2
ITM-001144,ORD-00378,PRD-0069,4,61.97,29.3
ITM-001145,ORD-00378,PRD-0078,-5,146.64,14.1
ITM-001146,ORD-00379,PRD-0001,3,490.4,45.1
ITM-001147,ORD-00379,PRD-0018,1,402.46,2.7
ITM-001148,ORD-00379,PRD-0044,3,310.33,10.8
ITM-001149,ORD-00380,PRD-0062,3,32.69,57.5
ITM-001150,ORD-00380,PRD-0051,4,547.46,50.1
ITM-001151,ORD-00381,PRD-0013,1,526.42,24.3
ITM-001152,ORD-00381,PRD-0017,1,461.87,23.0
ITM-001153,ORD-00381,PRD-0052,-4,340.85,3.3
ITM-001154,ORD-00381,PRD-0015,4,484.89,48.1
ITM-001155,ORD-00382,PRD-0061,5,571.06,50.7
ITM-001156,ORD-00382,PRD-0023,3,784.68,31.9
ITM-001157,ORD-00382,PRD-0011,4,124.56,20.2
ITM-001158,ORD-00382,PRD-0066,5,651.2,43.7
ITM-001159,ORD-00383,PRD-0037,4,36.68,52.1
ITM-001160,ORD-00383,PRD-0077,4,550.68,15.1
ITM-001161,ORD-00383,PRD-0004,3,436.49,10.7
ITM-001162,ORD-00383,PRD-0058,3,263.08,38.2
ITM-001163,ORD-00384,PRD-0005,1,427.36,23.8
ITM-001164,ORD-00384,PRD-0013,2,105.21,8.7
ITM-001165,ORD-00384,PRD-0036,4,279.58,27.5
ITM-001166,ORD-00384,PRD-0068,5,457.41,2.4
ITM-001167,ORD-00384,PRD-0019,3,489.44,43.4
ITM-001168,ORD-00385,PRD-0011,4,273.53,38.2
ITM-001169,ORD-00386,PRD-0024,4,760.54,15.4
ITM-001170,ORD-00386,PRD-0056,1,772.3,47.6
ITM-001171,ORD-00386,PRD-0039,5,494.39,32.3
ITM-001172,ORD-00387,PRD-0061,1,176.09,56.1
ITM-001173,ORD-00387,PRD-0024,3,225.1,40.3
ITM-001174,ORD-00388,PRD-0037,4,221.78,24.4
ITM-001175,ORD-00388,PRD-0017,1,223.44,27.7
ITM-001176,ORD-00388,PRD-0029,3,19.37,19.5
ITM-001177,ORD-00388,PRD-0078,1,662.45,35.3
ITM-001178,ORD-00388,PRD-0050,5,383.1,33.5
ITM-001179,ORD-00389,PRD-0057,3,125.66,51.3
ITM-001180,ORD-00389,PRD-0022,4,540.02,15.3
ITM-001181,ORD-00389,PRD-0074,1,774.34,37.9
ITM-001182,ORD-00390,PRD-0068,3,298.51,17.5
ITM-001183,ORD-00390,PRD-0060,3,28.5,37.5
ITM-001184,ORD-00390,PRD-0073,2,348.07,59.7
ITM-001185,ORD-00390,PRD-0037,1,447.37,29.4
ITM-001186,ORD-00390,PRD-0069,2,109.7,36.4
ITM-001187,ORD-00391,PRD-0028,1,793.74,34.2
ITM-001188,ORD-00392,PRD-0052,2,442.31,21.1
ITM-001189,ORD-00392,PRD-0077,2,226.71,46.2
ITM-001190,ORD-00393,PRD-0069,3,316.78,51.5
ITM-001191,ORD-00394,PRD-0058,4,129.79,52.4
ITM-001192,ORD-00394,PRD-0069,4,664.74,45.8
ITM-001193,ORD-00394,PRD-0013,2,309.77,39.2
ITM-001194,ORD-00394,PRD-0004,4,497.01,8.3
ITM-001195,ORD-00395,PRD-0077,5,458.61,24.5
ITM-001196,ORD-00395,PRD-0032,1,137.33,37.5
ITM-001197,ORD-00395,PRD-0003,1,595.66,53.0
ITM-001198,ORD-00395,PRD-0025,4,681.0,9.7
ITM-001199,ORD-00395,PRD-0031,3,144.29,56.2
ITM-001200,ORD-00396,PRD-0009,3,716.08,12.4
ITM-001201,ORD-00396,PRD-0078,4,357.7,14.5
ITM-001202,ORD-00397,PRD-0015,4,643.93,50.3
ITM-001203,ORD-00397,PRD-0009,2,10.47,1.9
ITM-001204,ORD-00398,PRD-0050,5,60.94,25.0
ITM-001205,ORD-00398,PRD-0069,3,101.18,46.6
ITM-001206,ORD-00398,PRD-0057,5,387.24,43.6
ITM-001207,ORD-00398,PRD-0006,3,293.88,43.0
ITM-001208,ORD-00399,PRD-0016,4,87.38,50.8
ITM-001209,ORD-00399,PRD-0015,5,578.99,22.0
ITM-001210,ORD-00399,PRD-0032,3,637.46,12.6
ITM-001211,ORD-00399,PRD-0010,1,369.3,42.5
ITM-001212,ORD-00399,PRD-0044,2,239.76,26.7
ITM-001213,ORD-00400,PRD-0077,3,33.42,8.4
ITM-001214,ORD-00400,PRD-0029,5,704.74,33.8
ITM-001215,ORD-00400,PRD-0021,3,456.27,18.3
ITM-001216,ORD-00400,PRD-0020,4,596.27,41.7
ITM-001217,ORD-00401,PRD-0050,5,209.56,13.7
ITM-001218,ORD-00401,PRD-0019,2,469.47,15.6
ITM-001219,ORD-00402,PRD-0080,5,720.5,58.3
ITM-001220,ORD-00402,PRD-0065,2,254.87,22.5
ITM-001221,ORD-00402,PRD-0068,4,388.23,29.0
ITM-001222,ORD-00402,PRD-0009,-4,277.18,18.6
ITM-001223,ORD-00402,PRD-0078,2,623.52,47.4
ITM-001224,ORD-00403,PRD-0073,3,730.6,54.4
ITM-001225,ORD-00403,PRD-0026,5,294.03,2.0
ITM-001226,ORD-00404,PRD-0035,3,444.86,32.1
ITM-001227,ORD-00405,PRD-0008,1,360.07,31.4
ITM-001228,ORD-00405,PRD-0024,2,553.31,39.0
ITM-001229,ORD-00405,PRD-0059,2,146.06,58.8
ITM-001230,ORD-00405,PRD-0012,3,595.77,44.0
ITM-001231,ORD-00405,PRD-0017,1,420.43,3.7
ITM-001232,ORD-00406,PRD-0075,2,384.44,5.9
ITM-001233,ORD-00406,PRD-0010,1,161.16,7.0
ITM-001234,ORD-00407,PRD-0070,4,473.55,35.9
ITM-001235,ORD-00408,PRD-0056,-5,689.61,6.7
ITM-001236,ORD-00408,PRD-0025,4,473.21,38.1
ITM-001237,ORD-00408,PRD-0033,4,604.88,36.1
ITM-001238,ORD-00409,PRD-0062,2,413.79,57.1
ITM-001239,ORD-00409,PRD-0069,3,202.97,16.5
ITM-001240,ORD-00409,PRD-0057,5,93.62,45.4
ITM-001241,ORD-00409,PRD-0041,2,715.23,30.6
ITM-001242,ORD-00410,PRD-0056,2,540.02,5.7
ITM-001243,ORD-00410,PRD-0069,4,658.93,11.6
ITM-001244,ORD-00410,PRD-0028,1,249.22,18.3
ITM-001245,ORD-00410,PRD-0039,5,742.4,12.6
ITM-001246,ORD-00411,PRD-0051,3,629.72,51.1
ITM-001247,ORD-00411,PRD-0042,5,765.58,58.9
ITM-001248,ORD-00412,PRD-0035,4,186.84,15.8
ITM-001249,ORD-00412,PRD-0040,3,270.31,21.2
ITM-001250,ORD-00412,PRD-0055,3,452.81,45.8
ITM-001251,ORD-00412,PRD-0052,1,48.97,24.5
ITM-001252,ORD-00412,PRD-0036,2,20.49,42.3
ITM-001253,ORD-00413,PRD-0048,3,23.82,25.6
ITM-001254,ORD-00413,PRD-0072,4,592.52,47.8
ITM-001255,ORD-00414,PRD-0036,5,89.93,14.6
ITM-001256,ORD-00414,PRD-0076,3,378.55,58.3
ITM-001257,ORD-00414,PRD-0050,1,551.8,54.5
ITM-001258,ORD-00414,PRD-0078,4,470.96,3.6
ITM-001259,ORD-00414,PRD-0036,1,432.63,26.3
ITM-001260,ORD-00415,PRD-0010,1,263.01,46.5
ITM-001261,ORD-00415,PRD-0020,4,473.9,34.4
ITM-001262,ORD-00415,PRD-0032,5,265.63,32.8
ITM-001263,ORD-00416,PRD-0038,5,553.21,8.4
ITM-001264,ORD-00416,PRD-0041,1,765.97,21.7
ITM-001265,ORD-00416,PRD-0028,4,151.39,28.1
ITM-001266,ORD-00417,PRD-0034,3,208.01,44.9
ITM-001267,ORD-00417,PRD-0053,1,344.73,48.4
ITM-001268,ORD-00417,PRD-0008,1,730.82,30.7
ITM-001269,ORD-00417,PRD-0005,1,768.03,52.4
ITM-001270,ORD-00418,PRD-0074,5,270.33,4.0
ITM-001271,ORD-00418,PRD-0072,1,625.57,31.9
ITM-001272,ORD-00418,PRD-0012,5,461.27,28.1
ITM-001273,ORD-00419,PRD-0056,1,655.12,27.9
ITM-001274,ORD-00419,PRD-0010,2,149.43,34.5
ITM-001275,ORD-00420,PRD-0056,5,712.07,24.1
ITM-001276,ORD-00420,PRD-0050,-3,20.0,13.5
ITM-001277,ORD-00420,PRD-0029,4,469.58,46.1
ITM-001278,ORD-00420,PRD-0026,5,617.09,34.5
ITM-001279,ORD-00421,PRD-0019,5,168.88,10.9
ITM-001280,ORD-00421,PRD-0006,1,624.67,32.4
ITM-001281,ORD-00421,PRD-0041,1,743.13,39.5
ITM-001282,ORD-00422,PRD-0035,3,190.22,55.2
ITM-001283,ORD-00422,PRD-0057,-3,102.87,56.9
ITM-001284,ORD-00423,PRD-0027,4,307.43,26.8
ITM-001285,ORD-00424,PRD-0049,2,474.22,7.5
ITM-001286,ORD-00424,PRD-0075,2,580.99,7.3
ITM-001287,ORD-00424,PRD-0063,2,593.81,21.5
ITM-001288,ORD-00424,PRD-0027,3,788.2,48.0
ITM-001289,ORD-00425,PRD-0015,4,756.19,1.0
ITM-001290,ORD-00425,PRD-0052,4,769.45,6.0
ITM-001291,ORD-00425,PRD-0009,3,350.15,50.9
ITM-001292,ORD-00426,PRD-0011,2,522.09,48.6
ITM-001293,ORD-00426,PRD-0036,-4,585.06,53.8
ITM-001294,ORD-00426,PRD-0032,1,146.0,0.6
ITM-001295,ORD-00427,PRD-0061,2,611.02,3.7
ITM-001296,ORD-00427,PRD-0038,2,300.5,24.9
ITM-001297,ORD-00427,PRD-0023,2,749.35,57.9
ITM-001298,ORD-00427,PRD-0015,2,630.31,1.8
ITM-001299,ORD-00427,PRD-0048,2,727.64,15.9
ITM-001300,ORD-00428,PRD-0043,1,27.66,28.2
ITM-001301,ORD-00428,PRD-0006,2,433.88,45.8
ITM-001302,ORD-00428,PRD-0013,5,16.88,53.8
ITM-001303,ORD-00429,PRD-0015,4,775.14,27.9
ITM-001304,ORD-00430,PRD-0078,5,648.49,0.0
ITM-001305,ORD-00430,PRD-0033,4,106.92,39.4
ITM-001306,ORD-00430,PRD-0013,3,384.84,44.9
ITM-001307,ORD-00430,PRD-0029,5,414.21,48.3
ITM-001308,ORD-00431,PRD-0013,2,575.23,16.9
ITM-001309,ORD-00431,PRD-0029,5,204.28,43.8
ITM-001310,ORD-00432,PRD-0060,3,536.34,31.2
ITM-001311,ORD-00432,PRD-0035,5,609.12,7.9
ITM-001312,ORD-00432,PRD-0019,4,465.6,56.1
ITM-001313,ORD-00433,PRD-0026,4,783.73,0.9
ITM-001314,ORD-00434,PRD-0042,2,14.31,28.8
ITM-001315,ORD-00435,PRD-0074,2,327.5,59.6
ITM-001316,ORD-00435,PRD-0070,4,354.69,44.7
ITM-001317,ORD-00435,PRD-0044,5,797.37,11.2
ITM-001318,ORD-00436,PRD-0059,4,532.28,40.1
ITM-001319,ORD-00436,PRD-0034,3,55.18,21.9
ITM-001320,ORD-00436,PRD-0017,1,80.19,58.5
ITM-001321,ORD-00437,PRD-0038,1,105.41,20.9
ITM-001322,ORD-00438,PRD-0011,4,773.2,58.3
ITM-001323,ORD-00438,PRD-0066,2,159.93,50.4
ITM-001324,ORD-00438,PRD-0026,2,588.06,21.2
ITM-001325,ORD-00438,PRD-0073,5,688.64,31.5
ITM-001326,ORD-00439,PRD-0068,3,137.57,9.5
ITM-001327,ORD-00439,PRD-0080,2,184.87,55.8
ITM-001328,ORD-00439,PRD-0079,2,342.09,12.1
ITM-001329,ORD-00439,PRD-0052,1,240.71,54.1
ITM-001330,ORD-00439,PRD-0060,4,260.93,43.3
ITM-001331,ORD-00440,PRD-0072,1,536.16,12.5
ITM-001332,ORD-00440,PRD-0009,5,52.08,24.6
ITM-001333,ORD-00440,PRD-0021,2,612.85,48.4
ITM-001334,ORD-00441,PRD-0054,4,315.84,11.6
ITM-001335,ORD-00441,PRD-0036,3,116.65,24.1
ITM-001336,ORD-00442,PRD-0019,2,539.43,45.6
ITM-001337,ORD-00442,PRD-0067,1,252.37,6.2
ITM-001338,ORD-00442,PRD-0057,5,242.56,7.5
ITM-001339,ORD-00442,PRD-0010,5,704.78,45.3
ITM-001340,ORD-00442,PRD-0006,3,308.29,53.5
ITM-001341,ORD-00443,PRD-0022,4,701.61,41.5
ITM-001342,ORD-00444,PRD-0014,3,75.42,43.9
ITM-001343,ORD-00444,PRD-0031,5,696.14,39.9
ITM-001344,ORD-00444,PRD-0014,4,692.81,16.8
ITM-001345,ORD-00444,PRD-0066,3,266.42,40.0
ITM-001346,ORD-00445,PRD-0013,3,571.91,29.1
ITM-001347,ORD-00445,PRD-0076,5,349.84,15.9
ITM-001348,ORD-00445,PRD-0073,4,303.78,31.1
ITM-001349,ORD-00446,PRD-0076,1,671.37,38.6
ITM-001350,ORD-00446,PRD-0016,1,773.55,14.3
ITM-001351,ORD-00446,PRD-0078,5,340.35,23.6
ITM-001352,ORD-00446,PRD-0057,1,682.53,34.4
ITM-001353,ORD-00447,PRD-0056,1,536.91,1.5
ITM-001354,ORD-00447,PRD-0043,5,83.55,55.2
ITM-001355,ORD-00447,PRD-0033,1,290.08,41.0
ITM-001356,ORD-00447,PRD-0032,3,224.92,47.0
ITM-001357,ORD-00447,PRD-0034,3,616.05,9.6
ITM-001358,ORD-00448,PRD-0052,5,603.89,46.9
ITM-001359,ORD-00448,PRD-0012,2,270.34,37.0
ITM-001360,ORD-00448,PRD-0040,2,85.53,43.3
ITM-001361,ORD-00448,PRD-0064,4,513.38,45.4
ITM-001362,ORD-00448,PRD-0063,2,283.72,48.4
ITM-001363,ORD-00449,PRD-0042,2,17.66,11.4
ITM-001364,ORD-00449,PRD-0072,3,240.48,33.6
ITM-001365,ORD-00449,PRD-0010,2,162.9,5.4
ITM-001366,ORD-00450,PRD-0019,4,574.13,32.0
ITM-001367,ORD-00450,PRD-0050,4,87.38,57.4
ITM-001368,ORD-00450,PRD-0011,3,262.45,13.5
ITM-001369,ORD-00450,PRD-0020,1,535.68,16.4
ITM-001370,ORD-00450,PRD-0029,4,200.05,13.5
ITM-001371,ORD-00451,PRD-0032,-2,771.85,51.5
ITM-001372,ORD-00451,PRD-0054,4,447.28,59.9
ITM-001373,ORD-00452,PRD-0067,4,466.81,37.6
ITM-001374,ORD-00452,PRD-0047,4,643.72,15.8
ITM-001375,ORD-00453,PRD-0031,3,259.52,21.4
ITM-001376,ORD-00453,PRD-0032,2,637.47,34.7
ITM-001377,ORD-00453,PRD-0065,1,568.14,32.1
ITM-001378,ORD-00454,PRD-0045,5,575.46,38.7
ITM-001379,ORD-00455,PRD-0074,2,670.11,27.6
ITM-001380,ORD-00455,PRD-0056,4,56.4,59.7
ITM-001381,ORD-00455,PRD-0072,1,521.97,53.8
ITM-001382,ORD-00455,PRD-0019,4,55.7,21.3
ITM-001383,ORD-00455,PRD-0004,3,572.32,29.4
ITM-001384,ORD-00456,PRD-0058,4,251.31,41.8
ITM-001385,ORD-00456,PRD-0073,3,639.74,30.5
ITM-001386,ORD-00457,PRD-0076,2,254.99,0.4
ITM-001387,ORD-00457,PRD-0046,5,472.02,46.5
ITM-001388,ORD-00457,PRD-0068,1,333.9,9.7
ITM-001389,ORD-00457,PRD-0077,2,620.12,59.4
ITM-001390,ORD-00458,PRD-0064,1,584.29,19.9
ITM-001391,ORD-00458,PRD-0074,1,562.24,41.1
ITM-001392,ORD-00459,PRD-0018,4,678.58,11.0
ITM-001393,ORD-00459,PRD-0056,3,703.86,30.0
ITM-001394,ORD-00459,PRD-0026,2,185.18,59.1
ITM-001395,ORD-00459,PRD-0013,1,421.47,1.2
ITM-001396,ORD-00460,PRD-0008,1,547.75,5.7
ITM-001397,ORD-00460,PRD-0068,1,15.0,19.6
ITM-001398,ORD-00460,PRD-0073,-3,452.87,51.6
ITM-001399,ORD-00460,PRD-0080,2,401.07,32.1
ITM-001400,ORD-00460,PRD-0020,3,481.78,34.4
ITM-001401,ORD-00461,PRD-0057,2,29.12,2.3
ITM-001402,ORD-00461,PRD-0016,5,646.73,18.7
ITM-001403,ORD-00461,PRD-0024,3,474.13,10.0
ITM-001404,ORD-00461,PRD-0078,1,128.43,36.8
ITM-001405,ORD-00462,PRD-0071,4,666.26,47.0
ITM-001406,ORD-00462,PRD-0009,1,273.98,21.9
ITM-001407,ORD-00462,PRD-0063,2,154.73,24.3
ITM-001408,ORD-00463,PRD-0062,1,649.67,54.6
ITM-001409,ORD-00463,PRD-0067,5,77.31,39.3
ITM-001410,ORD-00463,PRD-0069,5,419.73,45.4
ITM-001411,ORD-00464,PRD-0058,3,612.0,17.6
ITM-001412,ORD-00464,PRD-0049,4,70.5,1.4
ITM-001413,ORD-00465,PRD-0079,3,314.1,29.9
ITM-001414,ORD-00466,PRD-0006,1,154.52,5.4
ITM-001415,ORD-00466,PRD-0074,5,436.52,38.5
ITM-001416,ORD-00466,PRD-0007,1,773.58,23.1
ITM-001417,ORD-00467,PRD-0056,5,592.14,31.4
ITM-001418,ORD-00467,PRD-0006,2,728.98,5.9
ITM-001419,ORD-00467,PRD-0041,2,63.01,12.2
ITM-001420,ORD-00468,PRD-0002,5,40.96,22.9
ITM-001421,ORD-00468,PRD-0001,1,723.99,39.6
ITM-001422,ORD-00469,PRD-0030,2,300.57,50.3
ITM-001423,ORD-00469,PRD-0077,1,200.71,40.1
ITM-001424,ORD-00469,PRD-0040,4,167.88,52.7
ITM-001425,ORD-00470,PRD-0054,4,659.73,22.6
ITM-001426,ORD-00470,PRD-0063,2,206.47,0.6
ITM-001427,ORD-00470,PRD-0058,4,107.47,41.4
ITM-001428,ORD-00471,PRD-0063,1,57.87,32.2
ITM-001429,ORD-00472,PRD-0051,3,231.42,17.2
ITM-001430,ORD-00472,PRD-0016,5,318.95,53.1
ITM-001431,ORD-00473,PRD-0064,1,164.63,31.1
ITM-001432,ORD-00473,PRD-0014,1,93.57,2.3
ITM-001433,ORD-00474,PRD-0009,2,197.19,36.9
ITM-001434,ORD-00474,PRD-0057,4,479.62,2.5
ITM-001435,ORD-00474,PRD-0025,5,616.0,43.5
ITM-001436,ORD-00474,PRD-0020,1,276.37,57.0
ITM-001437,ORD-00475,PRD-0008,3,316.09,9.2
ITM-001438,ORD-00475,PRD-0029,3,151.25,11.7
ITM-001439,ORD-00476,PRD-0009,1,675.52,36.1
ITM-001440,ORD-00476,PRD-0019,3,439.96,19.1
ITM-001441,ORD-00476,PRD-0053,1,416.85,1.0
ITM-001442,ORD-00476,PRD-0042,2,299.45,8.6
ITM-001443,ORD-00477,PRD-0001,-2,452.36,48.8
ITM-001444,ORD-00478,PRD-0005,1,453.09,4.4
ITM-001445,ORD-00478,PRD-0050,4,229.56,37.0
ITM-001446,ORD-00478,PRD-0031,4,547.89,36.8
ITM-001447,ORD-00478,PRD-0059,3,385.91,53.9
ITM-001448,ORD-00478,PRD-0047,4,182.95,17.2
ITM-001449,ORD-00479,PRD-0021,4,297.62,1.3
ITM-001450,ORD-00479,PRD-0059,3,331.25,52.8
ITM-001451,ORD-00480,PRD-0046,4,170.44,24.3
ITM-001452,ORD-00480,PRD-0058,4,357.89,23.3
ITM-001453,ORD-00481,PRD-0052,3,110.83,31.8
ITM-001454,ORD-00481,PRD-0025,2,456.87,56.9
ITM-001455,ORD-00481,PRD-0060,5,440.82,45.8
ITM-001456,ORD-00482,PRD-0028,3,317.3,28.2
ITM-001457,ORD-00482,PRD-0039,5,724.22,57.3
ITM-001458,ORD-00482,PRD-0026,5,177.66,33.1
ITM-001459,ORD-00482,PRD-0067,2,348.27,56.6
ITM-001460,ORD-00483,PRD-0023,2,222.29,44.8
ITM-001461,ORD-00484,PRD-0074,2,626.58,11.9
ITM-001462,ORD-00484,PRD-0032,4,695.08,7.8
ITM-001463,ORD-00484,PRD-0079,4,426.82,37.7
ITM-001464,ORD-00484,PRD-0009,1,73.17,0.5
ITM-001465,ORD-00484,PRD-0012,1,254.07,54.1
ITM-001466,ORD-00485,PRD-0040,2,673.34,21.8
ITM-001467,ORD-00485,PRD-0058,3,382.69,42.2
ITM-001468,ORD-00486,PRD-0072,3,132.05,52.8
ITM-001469,ORD-00486,PRD-0069,2,728.63,24.6
ITM-001470,ORD-00486,PRD-0061,5,561.39,16.9
ITM-001471,ORD-00487,PRD-0019,1,727.8,5.8
ITM-001472,ORD-00487,PRD-0049,1,380.89,28.6
ITM-001473,ORD-00488,PRD-0047,5,745.1,35.1
ITM-001474,ORD-00489,PRD-0063,4,757.55,34.0
ITM-001475,ORD-00489,PRD-0048,3,59.77,8.1
ITM-001476,ORD-00490,PRD-0015,4,794.35,47.5
ITM-001477,ORD-00490,PRD-0042,2,237.42,47.6
ITM-001478,ORD-00490,PRD-0064,1,17.68,53.5
ITM-001479,ORD-00491,PRD-0033,2,157.66,16.8
ITM-001480,ORD-00491,PRD-0004,5,394.24,54.3
ITM-001481,ORD-00491,PRD-0040,1,214.18,59.8
ITM-001482,ORD-00491,PRD-0059,3,529.23,20.0
ITM-001483,ORD-00492,PRD-0080,2,13.49,34.4
ITM-001484,ORD-00493,PRD-0061,4,307.11,2.2
ITM-001485,ORD-00493,PRD-0043,3,296.6,30.8
ITM-001486,ORD-00493,PRD-0044,4,110.21,20.8
ITM-001487,ORD-00494,PRD-0037,5,217.0,54.8
ITM-001488,ORD-00494,PRD-0041,1,689.88,53.7
ITM-001489,ORD-00494,PRD-0014,1,198.15,10.6
ITM-001490,ORD-00495,PRD-0031,2,624.21,51.8
ITM-001491,ORD-00496,PRD-0044,1,696.78,37.0
ITM-001492,ORD-00497,PRD-0059,5,506.65,19.9
ITM-001493,ORD-00497,PRD-0008,1,564.8,12.0
ITM-001494,ORD-00498,PRD-0012,2,8.05,47.5
ITM-001495,ORD-00499,PRD-0011,2,312.59,37.5
ITM-001496,ORD-00499,PRD-0026,2,568.05,29.7
ITM-001497,ORD-00500,PRD-0076,4,692.68,3.7
ITM-001498,ORD-00500,PRD-0011,2,144.8,11.9
ITM-001499,ORD-00501,PRD-0025,5,561.47,42.2
ITM-001500,ORD-00501,PRD-0042,1,606.25,13.7
ITM-001501,ORD-00502,PRD-0053,5,407.79,17.1
ITM-001502,ORD-00502,PRD-0045,4,589.68,31.8
ITM-001503,ORD-00502,PRD-0021,3,56.4,3.8
ITM-001504,ORD-00502,PRD-0008,3,497.78,49.1
ITM-001505,ORD-00503,PRD-0012,-4,258.13,46.3
ITM-001506,ORD-00504,PRD-0009,5,457.51,43.6
ITM-001507,ORD-00504,PRD-0062,3,299.5,18.0
ITM-001508,ORD-00504,PRD-0025,4,186.35,10.2
ITM-001509,ORD-00505,PRD-0060,4,262.87,47.8
ITM-001510,ORD-00505,PRD-0060,4,364.48,8.5
ITM-001511,ORD-00505,PRD-0004,4,699.32,47.3
ITM-001512,ORD-00506,PRD-0002,2,350.33,49.0
ITM-001513,ORD-00506,PRD-0024,2,177.51,1.0
ITM-001514,ORD-00506,PRD-0044,4,162.22,29.8
ITM-001515,ORD-00506,PRD-0071,2,225.75,11.4
ITM-001516,ORD-00507,PRD-0021,4,392.44,39.9
ITM-001517,ORD-00507,PRD-0009,3,762.6,42.4
ITM-001518,ORD-00507,PRD-0031,5,417.42,29.7
ITM-001519,ORD-00507,PRD-0002,2,765.7,37.9
ITM-001520,ORD-00507,PRD-0080,3,346.05,7.3
ITM-001521,ORD-00508,PRD-0048,5,646.66,51.8
ITM-001522,ORD-00508,PRD-0061,3,55.18,26.8
ITM-001523,ORD-00509,PRD-0042,2,552.18,54.6
ITM-001524,ORD-00509,PRD-0061,3,630.51,33.3
ITM-001525,ORD-00509,PRD-0025,5,721.98,57.9
ITM-001526,ORD-00509,PRD-0030,5,567.94,36.6
ITM-001527,ORD-00510,PRD-0003,4,254.2,52.8
ITM-001528,ORD-00510,PRD-0080,4,260.72,31.8
ITM-001529,ORD-00511,PRD-0035,5,58.21,23.4
ITM-001530,ORD-00511,PRD-0036,2,570.97,21.8
ITM-001531,ORD-00511,PRD-0029,1,508.29,19.6
ITM-001532,ORD-00511,PRD-0019,5,628.03,57.4
ITM-001533,ORD-00512,PRD-0069,3,164.05,48.6
ITM-001534,ORD-00512,PRD-0077,2,486.04,17.7
ITM-001535,ORD-00512,PRD-0025,1,421.18,30.2
ITM-001536,ORD-00512,PRD-0055,2,562.01,51.2
ITM-001537,ORD-00513,PRD-0038,3,25.1,39.1
ITM-001538,ORD-00513,PRD-0060,4,621.76,59.6
ITM-001539,ORD-00513,PRD-0072,4,129.8,26.6
ITM-001540,ORD-00514,PRD-0059,1,224.38,42.4
ITM-001541,ORD-00514,PRD-0076,4,107.19,57.4
ITM-001542,ORD-00514,PRD-0042,1,444.3,22.1
ITM-001543,ORD-00515,PRD-0056,4,518.83,23.7
ITM-001544,ORD-00515,PRD-0005,3,516.68,19.4
ITM-001545,ORD-00515,PRD-0066,5,49.41,43.0
ITM-001546,ORD-00516,PRD-0009,4,116.23,6.1
ITM-001547,ORD-00516,PRD-0031,2,78.03,21.6
ITM-001548,ORD-00517,PRD-0044,3,601.93,29.5
ITM-001549,ORD-00517,PRD-0054,5,515.25,23.8
ITM-001550,ORD-00517,PRD-0012,2,652.42,26.9
ITM-001551,ORD-00518,PRD-0008,3,517.58,33.5
ITM-001552,ORD-00519,PRD-0006,2,179.11,14.0
ITM-001553,ORD-00520,PRD-0042,2,313.08,38.1
ITM-001554,ORD-00520,PRD-0038,-4,396.32,40.2
ITM-001555,ORD-00521,PRD-0026,5,473.79,12.5
ITM-001556,ORD-00521,PRD-0045,5,562.95,34.9
ITM-001557,ORD-00521,PRD-0022,3,320.76,9.1
ITM-001558,ORD-00521,PRD-0080,1,228.73,33.4
ITM-001559,ORD-00522,PRD-0026,4,604.57,15.4
ITM-001560,ORD-00522,PRD-0034,2,317.14,39.0
ITM-001561,ORD-00522,PRD-0078,-4,774.35,40.3
ITM-001562,ORD-00522,PRD-0015,4,38.12,48.3
ITM-001563,ORD-00522,PRD-0073,2,589.88,17.9
ITM-001564,ORD-00523,PRD-0047,5,373.7,38.9
ITM-001565,ORD-00523,PRD-0033,2,177.36,1.4
ITM-001566,ORD-00524,PRD-0043,2,169.05,56.8
ITM-001567,ORD-00525,PRD-0051,3,483.44,9.9
ITM-001568,ORD-00525,PRD-0077,4,231.85,59.2
ITM-001569,ORD-00525,PRD-0014,2,708.11,51.2
ITM-001570,ORD-00525,PRD-0002,5,757.7,55.8
ITM-001571,ORD-00526,PRD-0073,4,769.16,5.8
ITM-001572,ORD-00526,PRD-0025,3,776.9,44.5
ITM-001573,ORD-00526,PRD-0054,3,524.63,17.8
ITM-001574,ORD-00527,PRD-0034,1,368.26,55.9
ITM-001575,ORD-00528,PRD-0004,1,704.83,55.9
ITM-001576,ORD-00528,PRD-0012,-2,581.22,27.3
ITM-001577,ORD-00529,PRD-0003,5,563.79,28.8
ITM-001578,ORD-00529,PRD-0051,2,544.03,1.8
ITM-001579,ORD-00529,PRD-0060,4,332.88,58.4
ITM-001580,ORD-00529,PRD-0009,5,767.75,52.6
ITM-001581,ORD-00529,PRD-0026,3,642.54,1.5
ITM-001582,ORD-00530,PRD-0058,2,649.23,59.8
ITM-001583,ORD-00530,PRD-0056,1,449.36,42.2
ITM-001584,ORD-00530,PRD-0007,2,232.78,5.3
ITM-001585,ORD-00531,PRD-0070,4,135.3,39.5
ITM-001586,ORD-00531,PRD-0070,3,120.83,44.1
ITM-001587,ORD-00531,PRD-0075,3,324.41,28.0
ITM-001588,ORD-00532,PRD-0064,3,542.19,24.5
ITM-001589,ORD-00532,PRD-0033,4,708.39,20.0
ITM-001590,ORD-00532,PRD-0058,3,604.19,51.7
ITM-001591,ORD-00533,PRD-0019,1,481.04,32.4
ITM-001592,ORD-00533,PRD-0074,2,115.92,49.0
ITM-001593,ORD-00534,PRD-0054,4,705.17,59.4
ITM-001594,ORD-00534,PRD-0014,5,462.49,15.3
ITM-001595,ORD-00535,PRD-0043,2,393.9,19.5
ITM-001596,ORD-00535,PRD-0051,3,420.88,49.2
ITM-001597,ORD-00535,PRD-0053,2,551.8,59.3
ITM-001598,ORD-00535,PRD-0059,2,128.78,41.6
ITM-001599,ORD-00535,PRD-0065,2,640.95,29.7
ITM-001600,ORD-00536,PRD-0052,3,245.77,12.6
ITM-001601,ORD-00537,PRD-0004,-2,240.15,12.4
ITM-001602,ORD-00538,PRD-0016,1,340.42,21.5
ITM-001603,ORD-00539,PRD-0039,1,277.82,22.5
ITM-001604,ORD-00539,PRD-0076,3,736.05,38.1
ITM-001605,ORD-00539,PRD-0063,5,781.73,30.0
ITM-001606,ORD-00539,PRD-0061,3,689.63,23.0
ITM-001607,ORD-00540,PRD-0076,1,498.08,21.1
ITM-001608,ORD-00540,PRD-0049,4,35.74,29.2
ITM-001609,ORD-00540,PRD-0070,1,78.18,14.7
ITM-001610,ORD-00540,PRD-0044,1,196.9,59.0
ITM-001611,ORD-00540,PRD-0071,1,622.85,51.3
ITM-001612,ORD-00541,PRD-0002,5,548.64,35.6
ITM-001613,ORD-00541,PRD-0057,1,59.93,10.9
ITM-001614,ORD-00542,PRD-0069,5,524.69,2.9
ITM-001615,ORD-00542,PRD-0067,5,395.42,54.1
ITM-001616,ORD-00542,PRD-0006,3,235.78,19.9
ITM-001617,ORD-00543,PRD-0010,2,163.3,29.2
ITM-001618,ORD-00544,PRD-0023,4,619.11,2.6
ITM-001619,ORD-00545,PRD-0075,2,677.2,13.7
ITM-001620,ORD-00545,PRD-0015,4,85.72,8.4
ITM-001621,ORD-00546,PRD-0064,-5,296.51,41.9
ITM-001622,ORD-00546,PRD-0048,1,509.69,6.4
ITM-001623,ORD-00546,PRD-0056,4,448.04,25.3
ITM-001624,ORD-00546,PRD-0046,1,382.33,30.4
ITM-001625,ORD-00546,PRD-0018,2,101.2,9.7
ITM-001626,ORD-00547,PRD-0058,2,529.59,32.8
ITM-001627,ORD-00547,PRD-0009,5,776.84,39.4
ITM-001628,ORD-00547,PRD-0072,5,36.61,12.1
ITM-001629,ORD-00547,PRD-0051,3,13.9,3.6
ITM-001630,ORD-00547,PRD-0035,1,470.53,0.5
ITM-001631,ORD-00548,PRD-0062,3,641.97,11.3
ITM-001632,ORD-00548,PRD-0028,4,83.74,23.3
ITM-001633,ORD-00549,PRD-0017,1,686.99,8.7
ITM-001634,ORD-00549,PRD-0010,1,455.1,14.8
ITM-001635,ORD-00549,PRD-0047,4,750.4,49.7
ITM-001636,ORD-00549,PRD-0056,4,39.11,19.2
ITM-001637,ORD-00549,PRD-0048,-4,315.67,36.4
ITM-001638,ORD-00550,PRD-0066,2,711.55,38.8
ITM-001639,ORD-00550,PRD-0067,2,233.66,46.4
ITM-001640,ORD-00551,PRD-0009,5,451.54,42.3
ITM-001641,ORD-00551,PRD-0006,2,298.77,23.6
ITM-001642,ORD-00551,PRD-0044,4,246.28,32.1
ITM-001643,ORD-00551,PRD-0061,3,411.59,23.2
ITM-001644,ORD-00552,PRD-0078,5,481.48,47.1
ITM-001645,ORD-00552,PRD-0012,2,554.68,58.5
ITM-001646,ORD-00552,PRD-0009,5,205.02,16.1
ITM-001647,ORD-00552,PRD-0077,3,413.25,18.8
ITM-001648,ORD-00552,PRD-0073,3,157.06,58.3
ITM-001649,ORD-00553,PRD-0053,3,226.43,35.9
ITM-001650,ORD-00553,PRD-0018,2,642.78,41.3
ITM-001651,ORD-00554,PRD-0071,3,260.31,47.9
ITM-001652,ORD-00554,PRD-0016,5,581.05,52.6
ITM-001653,ORD-00555,PRD-0044,2,150.55,38.8
ITM-001654,ORD-00555,PRD-0051,4,390.05,16.2
ITM-001655,ORD-00556,PRD-0019,4,207.51,4.3
ITM-001656,ORD-00556,PRD-0071,1,787.17,0.2
ITM-001657,ORD-00556,PRD-0033,2,742.61,27.3
ITM-001658,ORD-00556,PRD-0036,5,411.34,25.2
ITM-001659,ORD-00556,PRD-0055,3,504.35,29.4
ITM-001660,ORD-00557,PRD-0041,4,99.96,10.9
ITM-001661,ORD-00558,PRD-0009,1,225.5,32.9
ITM-001662,ORD-00558,PRD-0013,3,740.97,41.2
ITM-001663,ORD-00558,PRD-0073,2,52.6,6.7
ITM-001664,ORD-00559,PRD-0031,3,188.24,37.1
ITM-001665,ORD-00559,PRD-0071,5,286.07,14.2
ITM-001666,ORD-00559,PRD-0041,1,611.07,10.3
ITM-001667,ORD-00559,PRD-0079,4,18.87,9.6
ITM-001668,ORD-00559,PRD-0035,5,648.59,7.5
ITM-001669,ORD-00560,PRD-0059,4,489.64,53.5
ITM-001670,ORD-00560,PRD-0001,2,194.82,18.5
ITM-001671,ORD-00561,PRD-0058,5,174.64,6.0
ITM-001672,ORD-00561,PRD-0057,1,356.81,44.3
ITM-001673,ORD-00561,PRD-0049,4,23.31,45.9
ITM-001674,ORD-00561,PRD-0063,2,352.14,52.5
ITM-001675,ORD-00561,PRD-0064,3,408.51,23.3
ITM-001676,ORD-00562,PRD-0019,5,564.25,36.1
ITM-001677,ORD-00562,PRD-0052,4,169.67,18.9
ITM-001678,ORD-00562,PRD-0038,4,719.27,22.8
ITM-001679,ORD-00562,PRD-0073,4,199.04,41.9
ITM-001680,ORD-00563,PRD-0045,1,290.82,1.2
ITM-001681,ORD-00563,PRD-0055,4,76.12,15.3
ITM-001682,ORD-00563,PRD-0034,2,385.43,10.1
ITM-001683,ORD-00563,PRD-0077,5,427.09,11.7
ITM-001684,ORD-00564,PRD-0030,4,76.53,55.0
ITM-001685,ORD-00565,PRD-0007,5,204.06,31.5
ITM-001686,ORD-00566,PRD-0019,4,687.51,16.7
ITM-001687,ORD-00566,PRD-0040,2,137.47,4.0
ITM-001688,ORD-00566,PRD-0074,1,525.42,47.1
ITM-001689,ORD-00567,PRD-0055,3,716.46,14.2
ITM-001690,ORD-00567,PRD-0010,2,58.57,6.1
ITM-001691,ORD-00568,PRD-0060,5,444.98,22.1
ITM-001692,ORD-00568,PRD-0024,2,200.29,0.5
ITM-001693,ORD-00569,PRD-0003,3,403.23,53.7
ITM-001694,ORD-00569,PRD-0007,4,377.91,50.8
ITM-001695,ORD-00570,PRD-0074,5,627.61,27.7
ITM-001696,ORD-00570,PRD-0015,4,572.18,9.7
ITM-001697,ORD-00571,PRD-0049,1,113.04,17.2
ITM-001698,ORD-00571,PRD-0051,5,442.5,43.6
ITM-001699,ORD-00571,PRD-0067,5,286.38,36.3
ITM-001700,ORD-00571,PRD-0068,4,749.81,10.0
ITM-001701,ORD-00571,PRD-0005,4,169.48,36.0
ITM-001702,ORD-00572,PRD-0053,3,309.14,18.0
ITM-001703,ORD-00572,PRD-0026,1,601.5,12.9
ITM-001704,ORD-00572,PRD-0076,2,633.47,45.0
ITM-001705,ORD-00573,PRD-0003,4,720.9,54.2
ITM-001706,ORD-00573,PRD-0060,3,571.75,22.3
ITM-001707,ORD-00573,PRD-0054,2,767.9,14.7
ITM-001708,ORD-00574,PRD-0007,1,283.69,54.6
ITM-001709,ORD-00574,PRD-0038,4,287.05,30.8
ITM-001710,ORD-00575,PRD-0062,1,58.87,19.9
ITM-001711,ORD-00575,PRD-0022,3,13.79,6.1
ITM-001712,ORD-00575,PRD-0004,5,410.06,37.8
ITM-001713,ORD-00575,PRD-0052,-3,270.56,36.8
ITM-001714,ORD-00576,PRD-0048,5,45.48,31.0
ITM-001715,ORD-00576,PRD-0063,1,349.56,30.8
ITM-001716,ORD-00576,PRD-0073,5,407.23,59.9
ITM-001717,ORD-00577,PRD-0057,4,586.5,38.1
ITM-001718,ORD-00577,PRD-0026,2,79.09,23.0
ITM-001719,ORD-00578,PRD-0039,2,14.63,8.0
ITM-001720,ORD-00578,PRD-0054,4,640.58,53.0
ITM-001721,ORD-00578,PRD-0033,4,792.39,12.6
ITM-001722,ORD-00578,PRD-0005,1,216.08,29.0
ITM-001723,ORD-00579,PRD-0022,2,740.23,29.6
ITM-001724,ORD-00580,PRD-0044,4,495.35,58.8
ITM-001725,ORD-00581,PRD-0071,3,711.89,48.9
ITM-001726,ORD-00581,PRD-0042,3,423.73,40.1
ITM-001727,ORD-00581,PRD-0036,5,645.92,46.7
ITM-001728,ORD-00581,PRD-0003,2,349.93,16.3
ITM-001729,ORD-00582,PRD-0052,3,45.77,35.5
ITM-001730,ORD-00582,PRD-0019,3,446.24,50.7
ITM-001731,ORD-00582,PRD-0032,2,374.16,9.2
ITM-001732,ORD-00582,PRD-0065,1,293.58,44.6
ITM-001733,ORD-00582,PRD-0039,4,69.5,9.7
ITM-001734,ORD-00583,PRD-0008,1,351.32,48.9
ITM-001735,ORD-00583,PRD-0004,2,270.36,22.2
ITM-001736,ORD-00583,PRD-0063,3,742.63,23.8
ITM-001737,ORD-00583,PRD-0031,2,232.74,36.6
ITM-001738,ORD-00584,PRD-0042,3,476.79,51.2
ITM-001739,ORD-00584,PRD-0002,1,124.29,25.7
ITM-001740,ORD-00585,PRD-0001,2,379.61,2.0
ITM-001741,ORD-00586,PRD-0046,3,534.52,5.3
ITM-001742,ORD-00586,PRD-0043,2,84.48,59.8
ITM-001743,ORD-00586,PRD-0079,1,5.17,55.4
ITM-001744,ORD-00587,PRD-0063,4,90.49,35.6
ITM-001745,ORD-00587,PRD-0010,5,666.28,17.1
ITM-001746,ORD-00588,PRD-0034,4,130.13,46.6
ITM-001747,ORD-00589,PRD-0029,1,552.78,1.9
ITM-001748,ORD-00589,PRD-0061,3,649.17,21.5
ITM-001749,ORD-00589,PRD-0052,5,337.29,55.8
ITM-001750,ORD-00589,PRD-0027,3,196.34,8.9
ITM-001751,ORD-00589,PRD-0008,2,472.21,7.1
ITM-001752,ORD-00590,PRD-0010,4,229.57,20.0
ITM-001753,ORD-00591,PRD-0062,5,351.09,7.4
ITM-001754,ORD-00591,PRD-0039,5,750.26,12.6
ITM-001755,ORD-00591,PRD-0047,4,129.44,11.5
ITM-001756,ORD-00592,PRD-0033,1,314.7,48.8
ITM-001757,ORD-00593,PRD-0042,4,362.44,48.9
ITM-001758,ORD-00593,PRD-0073,4,695.17,11.0
ITM-001759,ORD-00593,PRD-0054,2,79.11,52.5
ITM-001760,ORD-00593,PRD-0018,3,195.82,36.2
ITM-001761,ORD-00594,PRD-0054,2,35.57,0.6
ITM-001762,ORD-00594,PRD-0079,3,301.55,0.2
ITM-001763,ORD-00594,PRD-0065,4,165.36,8.9
ITM-001764,ORD-00595,PRD-0068,3,794.94,36.7
ITM-001765,ORD-00595,PRD-0006,5,366.69,43.1
ITM-001766,ORD-00595,PRD-0059,5,40.39,20.0
ITM-001767,ORD-00595,PRD-0009,4,382.24,52.7
ITM-001768,ORD-00595,PRD-0078,4,459.66,55.4
ITM-001769,ORD-00596,PRD-0039,2,713.75,51.1
ITM-001770,ORD-00596,PRD-0075,2,207.04,15.9
ITM-001771,ORD-00596,PRD-0029,5,761.85,27.0
ITM-001772,ORD-00596,PRD-0007,-4,767.12,48.1
ITM-001773,ORD-00596,PRD-0070,3,752.23,1.0
ITM-001774,ORD-00597,PRD-0064,5,791.15,12.8
ITM-001775,ORD-00597,PRD-0015,5,684.91,55.5
ITM-001776,ORD-00597,PRD-0043,4,145.9,39.4
ITM-001777,ORD-00598,PRD-0032,4,757.53,1.2
ITM-001778,ORD-00599,PRD-0038,3,539.09,24.9
ITM-001779,ORD-00599,PRD-0021,4,292.34,45.9
ITM-001780,ORD-00600,PRD-0071,3,513.02,4.6
ITM-001781,ORD-00600,PRD-0001,2,763.1,4.0
ITM-001782,ORD-00600,PRD-0015,3,613.1,20.3
ITM-001783,ORD-00601,PRD-0016,5,387.59,36.9
ITM-001784,ORD-00601,PRD-0012,1,285.83,23.3
ITM-001785,ORD-00601,PRD-0033,2,581.63,54.7
ITM-001786,ORD-00601,PRD-0012,5,793.74,9.7
ITM-001787,ORD-00601,PRD-0069,3,159.37,59.5
ITM-001788,ORD-00602,PRD-0050,1,635.17,25.9
ITM-001789,ORD-00602,PRD-0052,5,173.83,11.4
ITM-001790,ORD-00602,PRD-0009,4,781.03,44.7
ITM-001791,ORD-00603,PRD-0050,5,261.16,22.1
ITM-001792,ORD-00603,PRD-0025,1,7.96,21.3
ITM-001793,ORD-00603,PRD-0054,3,601.04,0.4
ITM-001794,ORD-00603,PRD-0011,3,111.59,5.8
ITM-001795,ORD-00604,PRD-0076,5,112.94,29.7
ITM-001796,ORD-00604,PRD-0044,5,100.2,48.6
ITM-001797,ORD-00604,PRD-0069,3,658.62,17.6
ITM-001798,ORD-00604,PRD-0039,1,533.53,59.9
ITM-001799,ORD-00604,PRD-0020,3,228.13,51.0
ITM-001800,ORD-00605,PRD-0064,5,250.17,18.0
ITM-001801,ORD-00606,PRD-0042,1,151.9,5.6
ITM-001802,ORD-00607,PRD-0013,5,293.21,5.7
ITM-001803,ORD-00607,PRD-0041,3,711.28,11.0
ITM-001804,ORD-00608,PRD-0030,5,44.02,18.7
ITM-001805,ORD-00608,PRD-0011,5,650.2,32.9
ITM-001806,ORD-00609,PRD-0071,5,528.03,6.0
ITM-001807,ORD-00609,PRD-0006,4,252.95,52.7
ITM-001808,ORD-00609,PRD-0035,1,594.17,8.2
ITM-001809,ORD-00609,PRD-0076,1,8.19,53.5
ITM-001810,ORD-00609,PRD-0047,1,327.76,6.4
ITM-001811,ORD-00610,PRD-0032,5,70.2,10.1
ITM-001812,ORD-00610,PRD-0014,5,506.52,1.0
ITM-001813,ORD-00611,PRD-0066,2,194.68,24.5
ITM-001814,ORD-00611,PRD-0074,5,636.76,46.6
ITM-001815,ORD-00612,PRD-0008,4,346.63,36.8
ITM-001816,ORD-00612,PRD-0068,4,237.7,8.2
ITM-001817,ORD-00613,PRD-0037,4,219.14,37.0
ITM-001818,ORD-00613,PRD-0033,1,520.43,29.9
ITM-001819,ORD-00613,PRD-0025,1,598.69,41.5
ITM-001820,ORD-00613,PRD-0075,5,100.38,40.3
ITM-001821,ORD-00613,PRD-0030,2,798.53,44.7
ITM-001822,ORD-00614,PRD-0028,4,224.86,6.8
ITM-001823,ORD-00615,PRD-0002,2,333.62,20.5
ITM-001824,ORD-00616,PRD-0016,2,695.7,19.5
ITM-001825,ORD-00616,PRD-0067,4,545.85,26.6
ITM-001826,ORD-00616,PRD-0019,2,169.39,21.2
ITM-001827,ORD-00616,PRD-0036,2,352.77,15.1
ITM-001828,ORD-00617,PRD-0008,4,599.92,31.5
ITM-001829,ORD-00617,PRD-0037,2,116.85,16.8
ITM-001830,ORD-00617,PRD-0061,4,629.63,31.8
ITM-001831,ORD-00617,PRD-0039,5,517.18,27.0
ITM-001832,ORD-00618,PRD-0035,4,132.56,13.2
ITM-001833,ORD-00618,PRD-0031,-2,517.95,23.1
ITM-001834,ORD-00618,PRD-0019,5,92.31,43.3
ITM-001835,ORD-00619,PRD-0035,3,690.29,31.0
ITM-001836,ORD-00619,PRD-0003,3,55.06,57.4
ITM-001837,ORD-00619,PRD-0037,1,205.42,14.7
ITM-001838,ORD-00619,PRD-0074,5,640.2,31.8
ITM-001839,ORD-00619,PRD-0068,2,7.68,57.5
ITM-001840,ORD-00620,PRD-0044,5,6.16,11.6
ITM-001841,ORD-00620,PRD-0055,1,204.68,48.3
ITM-001842,ORD-00620,PRD-0052,5,537.52,57.6
ITM-001843,ORD-00621,PRD-0049,5,380.12,11.8
ITM-001844,ORD-00621,PRD-0044,2,288.72,45.5
ITM-001845,ORD-00621,PRD-0030,5,347.5,33.7
ITM-001846,ORD-00621,PRD-0018,1,188.89,52.0
ITM-001847,ORD-00621,PRD-0069,2,796.79,4.4
ITM-001848,ORD-00622,PRD-0029,4,591.73,13.1
ITM-001849,ORD-00622,PRD-0002,1,734.97,24.5
ITM-001850,ORD-00622,PRD-0058,3,715.02,5.6
ITM-001851,ORD-00622,PRD-0012,2,645.31,47.5
ITM-001852,ORD-00622,PRD-0031,5,40.12,41.3
ITM-001853,ORD-00623,PRD-0001,2,741.35,29.4
ITM-001854,ORD-00623,PRD-0043,2,84.57,30.2
ITM-001855,ORD-00623,PRD-0036,2,5.07,41.8
ITM-001856,ORD-00623,PRD-0072,3,558.27,1.6
ITM-001857,ORD-00623,PRD-0074,1,21.98,16.5
ITM-001858,ORD-00624,PRD-0006,2,587.29,11.8
ITM-001859,ORD-00624,PRD-0038,2,371.38,39.7
ITM-001860,ORD-00625,PRD-0016,5,581.97,43.4
ITM-001861,ORD-00625,PRD-0039,3,668.62,25.9
ITM-001862,ORD-00626,PRD-0001,2,141.24,2.1
ITM-001863,ORD-00627,PRD-0021,4,173.37,9.2
ITM-001864,ORD-00627,PRD-0022,1,216.58,31.2
ITM-001865,ORD-00628,PRD-0076,5,719.69,55.0
ITM-001866,ORD-00628,PRD-0021,3,663.88,35.7
ITM-001867,ORD-00628,PRD-0058,5,342.78,36.7
ITM-001868,ORD-00628,PRD-0034,4,486.99,55.6
ITM-001869,ORD-00628,PRD-0038,1,303.54,32.1
ITM-001870,ORD-00629,PRD-0017,5,721.16,13.8
ITM-001871,ORD-00630,PRD-0051,1,727.92,34.8
ITM-001872,ORD-00630,PRD-0024,2,433.53,13.9
ITM-001873,ORD-00630,PRD-0007,2,409.19,36.4
ITM-001874,ORD-00630,PRD-0071,1,71.44,31.5
ITM-001875,ORD-00630,PRD-0043,1,441.38,49.7
ITM-001876,ORD-00631,PRD-0027,4,116.07,47.4
ITM-001877,ORD-00632,PRD-0057,5,61.79,43.3
ITM-001878,ORD-00633,PRD-0042,1,371.41,40.9
ITM-001879,ORD-00633,PRD-0002,-3,625.14,46.5
ITM-001880,ORD-00633,PRD-0004,1,71.49,9.9
ITM-001881,ORD-00633,PRD-0025,5,387.22,48.3
ITM-001882,ORD-00633,PRD-0069,4,519.8,3.4
ITM-001883,ORD-00634,PRD-0046,1,253.71,40.3
ITM-001884,ORD-00634,PRD-0038,5,212.34,5.1
ITM-001885,ORD-00634,PRD-0074,2,434.31,17.2
ITM-001886,ORD-00634,PRD-0010,5,124.71,49.5
ITM-001887,ORD-00634,PRD-0006,3,254.72,28.1
ITM-001888,ORD-00635,PRD-0006,4,481.37,0.2
ITM-001889,ORD-00635,PRD-0049,3,279.55,20.5
ITM-001890,ORD-00635,PRD-0036,3,426.38,24.3
ITM-001891,ORD-00635,PRD-0053,5,123.67,16.2
ITM-001892,ORD-00635,PRD-0048,2,530.75,22.0
ITM-001893,ORD-00636,PRD-0006,5,444.27,2.4
ITM-001894,ORD-00636,PRD-0027,4,196.11,36.1
ITM-001895,ORD-00637,PRD-0046,5,630.29,1.0
ITM-001896,ORD-00637,PRD-0068,5,151.89,3.9
ITM-001897,ORD-00637,PRD-0016,3,692.87,15.2
ITM-001898,ORD-00637,PRD-0072,5,732.61,44.3
ITM-001899,ORD-00637,PRD-0034,3,769.91,38.6
ITM-001900,ORD-00638,PRD-0032,4,414.95,22.7
ITM-001901,ORD-00638,PRD-0009,2,322.77,14.5
ITM-001902,ORD-00638,PRD-0052,1,497.16,17.7
ITM-001903,ORD-00638,PRD-0040,2,329.07,9.5
ITM-001904,ORD-00638,PRD-0017,2,297.76,43.5
ITM-001905,ORD-00639,PRD-0040,4,768.82,15.1
ITM-001906,ORD-00639,PRD-0050,4,236.84,58.9
ITM-001907,ORD-00639,PRD-0048,4,607.34,52.0
ITM-001908,ORD-00639,PRD-0030,1,578.29,22.1
ITM-001909,ORD-00639,PRD-0038,5,157.38,51.9
ITM-001910,ORD-00640,PRD-0040,1,331.9,16.8
ITM-001911,ORD-00641,PRD-0068,5,406.65,55.1
ITM-001912,ORD-00641,PRD-0048,2,196.95,41.8
ITM-001913,ORD-00641,PRD-0036,5,268.58,58.3
ITM-001914,ORD-00642,PRD-0008,5,540.57,20.4
ITM-001915,ORD-00642,PRD-0008,3,794.54,17.5
ITM-001916,ORD-00642,PRD-0027,2,775.94,49.4
ITM-001917,ORD-00642,PRD-0033,2,471.76,53.0
ITM-001918,ORD-00643,PRD-0019,4,645.73,5.4
ITM-001919,ORD-00644,PRD-0016,4,437.78,36.4
ITM-001920,ORD-00644,PRD-0012,2,506.54,11.9
ITM-001921,ORD-00644,PRD-0042,2,799.56,2.4
ITM-001922,ORD-00644,PRD-0010,4,765.19,55.1
ITM-001923,ORD-00644,PRD-0064,5,607.93,19.6
ITM-001924,ORD-00645,PRD-0065,1,687.41,46.7
ITM-001925,ORD-00645,PRD-0002,5,729.65,12.5
ITM-001926,ORD-00645,PRD-0004,1,470.94,20.1
ITM-001927,ORD-00645,PRD-0017,4,670.89,31.4
ITM-001928,ORD-00646,PRD-0043,2,380.46,42.2
ITM-001929,ORD-00647,PRD-0077,3,100.16,43.5
ITM-001930,ORD-00647,PRD-0080,4,545.7,23.5
ITM-001931,ORD-00647,PRD-0018,5,709.28,4.6
ITM-001932,ORD-00648,PRD-0068,1,513.23,34.5
ITM-001933,ORD-00648,PRD-0029,1,188.92,31.8
ITM-001934,ORD-00648,PRD-0076,3,115.74,59.8
ITM-001935,ORD-00648,PRD-0021,2,753.57,36.4
ITM-001936,ORD-00648,PRD-0031,5,363.78,20.1
ITM-001937,ORD-00649,PRD-0005,1,557.86,51.4
ITM-001938,ORD-00649,PRD-0069,3,328.76,44.8
ITM-001939,ORD-00649,PRD-0044,3,193.93,56.1
ITM-001940,ORD-00649,PRD-0006,4,417.87,5.8
ITM-001941,ORD-00650,PRD-0003,4,751.38,56.6
ITM-001942,ORD-00650,PRD-0027,1,292.25,23.9
ITM-001943,ORD-00651,PRD-0004,1,312.1,41.1
ITM-001944,ORD-00651,PRD-0028,1,84.46,10.5
ITM-001945,ORD-00651,PRD-0044,2,287.86,49.0
ITM-001946,ORD-00651,PRD-0056,5,459.77,29.1
ITM-001947,ORD-00651,PRD-0072,4,517.1,8.6
ITM-001948,ORD-00652,PRD-0038,5,600.98,2.4
ITM-001949,ORD-00652,PRD-0071,2,8.94,31.7
ITM-001950,ORD-00653,PRD-0031,2,384.13,40.0
ITM-001951,ORD-00653,PRD-0068,5,113.51,2.8
ITM-001952,ORD-00653,PRD-0079,2,580.47,3.2
ITM-001953,ORD-00653,PRD-0003,3,486.52,2.8
ITM-001954,ORD-00654,PRD-0009,5,643.61,17.1
ITM-001955,ORD-00654,PRD-0058,2,793.56,35.0
ITM-001956,ORD-00654,PRD-0077,2,566.4,37.4
ITM-001957,ORD-00655,PRD-0049,5,696.32,39.4
ITM-001958,ORD-00655,PRD-0077,5,598.09,40.6
ITM-001959,ORD-00655,PRD-0067,4,239.96,32.1
ITM-001960,ORD-00655,PRD-0073,3,202.32,19.8
ITM-001961,ORD-00656,PRD-0065,-3,710.43,34.2
ITM-001962,ORD-00657,PRD-0014,2,152.04,46.8
ITM-001963,ORD-00657,PRD-0019,2,622.13,25.8
ITM-001964,ORD-00658,PRD-0008,5,329.22,42.0
ITM-001965,ORD-00658,PRD-0051,5,513.99,27.4
ITM-001966,ORD-00658,PRD-0004,4,515.34,10.4
ITM-001967,ORD-00658,PRD-0030,2,418.4,13.2
ITM-001968,ORD-00658,PRD-0032,5,719.32,31.2
ITM-001969,ORD-00659,PRD-0037,1,663.27,53.8
ITM-001970,ORD-00659,PRD-0016,4,785.37,54.1
ITM-001971,ORD-00659,PRD-0044,5,28.8,48.3
ITM-001972,ORD-00659,PRD-0046,2,437.88,8.8
ITM-001973,ORD-00659,PRD-0071,3,309.03,22.7
ITM-001974,ORD-00660,PRD-0028,1,16.87,28.9
ITM-001975,ORD-00660,PRD-0019,4,614.36,48.4
ITM-001976,ORD-00660,PRD-0016,3,205.28,11.5
ITM-001977,ORD-00660,PRD-0020,3,196.28,47.8
ITM-001978,ORD-00661,PRD-0006,5,684.44,50.0
ITM-001979,ORD-00661,PRD-0029,2,5.78,40.1
ITM-001980,ORD-00661,PRD-0051,5,726.33,23.4
ITM-001981,ORD-00662,PRD-0050,1,405.6,4.5
ITM-001982,ORD-00663,PRD-0004,5,43.09,4.0
ITM-001983,ORD-00663,PRD-0036,5,68.68,37.8
ITM-001984,ORD-00664,PRD-0053,3,620.06,51.8
ITM-001985,ORD-00665,PRD-0057,2,515.45,37.6
ITM-001986,ORD-00665,PRD-0029,1,511.81,16.2
ITM-001987,ORD-00665,PRD-0077,4,228.79,9.7
ITM-001988,ORD-00665,PRD-0052,4,611.56,24.7
ITM-001989,ORD-00665,PRD-0045,2,20.47,47.9
ITM-001990,ORD-00666,PRD-0007,4,785.68,33.9
ITM-001991,ORD-00666,PRD-0034,5,23.07,56.2
ITM-001992,ORD-00666,PRD-0025,5,162.76,27.2
ITM-001993,ORD-00666,PRD-0041,1,289.51,55.8
ITM-001994,ORD-00667,PRD-0052,3,91.43,32.7
ITM-001995,ORD-00667,PRD-0027,1,680.39,53.9
ITM-001996,ORD-00668,PRD-0021,1,5.37,6.8
ITM-001997,ORD-00668,PRD-0066,4,783.74,19.1
ITM-001998,ORD-00669,PRD-0045,4,303.9,11.4
ITM-001999,ORD-00669,PRD-0070,4,240.9,15.9
ITM-002000,ORD-00669,PRD-0022,1,692.32,19.4
ITM-002001,ORD-00669,PRD-0038,2,410.66,58.4
ITM-002002,ORD-00670,PRD-0007,4,193.02,12.3
ITM-002003,ORD-00671,PRD-0069,1,91.08,8.5
ITM-002004,ORD-00671,PRD-0064,4,535.48,10.2
ITM-002005,ORD-00671,PRD-0021,2,513.05,52.7
ITM-002006,ORD-00672,PRD-0014,5,504.47,15.7
ITM-002007,ORD-00672,PRD-0070,4,275.41,49.8
ITM-002008,ORD-00672,PRD-0055,5,693.93,13.9
ITM-002009,ORD-00672,PRD-0015,5,679.22,10.6
ITM-002010,ORD-00672,PRD-0044,3,186.98,45.0
ITM-002011,ORD-00673,PRD-0076,4,437.96,38.2
ITM-002012,ORD-00674,PRD-0008,1,325.11,56.3
ITM-002013,ORD-00674,PRD-0067,2,625.01,8.8
ITM-002014,ORD-00674,PRD-0001,1,304.01,8.6
ITM-002015,ORD-00674,PRD-0045,2,265.67,9.6
ITM-002016,ORD-00675,PRD-0043,-3,433.56,26.8
ITM-002017,ORD-00675,PRD-0052,1,457.7,43.9
ITM-002018,ORD-00675,PRD-0023,5,62.84,34.2
ITM-002019,ORD-00675,PRD-0059,3,605.2,57.3
ITM-002020,ORD-00676,PRD-0035,5,192.0,37.4
ITM-002021,ORD-00676,PRD-0070,5,695.12,57.2
ITM-002022,ORD-00676,PRD-0005,2,681.44,47.9
ITM-002023,ORD-00676,PRD-0030,5,531.54,32.5
ITM-002024,ORD-00676,PRD-0033,5,408.35,17.5
ITM-002025,ORD-00677,PRD-0044,3,677.68,36.6
ITM-002026,ORD-00677,PRD-0011,5,230.43,27.1
ITM-002027,ORD-00678,PRD-0005,5,557.75,26.5
ITM-002028,ORD-00678,PRD-0031,3,716.68,24.1
ITM-002029,ORD-00678,PRD-0070,4,616.44,39.4
ITM-002030,ORD-00678,PRD-0058,1,223.55,46.8
ITM-002031,ORD-00678,PRD-0060,5,398.44,31.9
ITM-002032,ORD-00679,PRD-0080,5,461.8,26.2
ITM-002033,ORD-00679,PRD-0020,4,670.45,7.8
ITM-002034,ORD-00679,PRD-0064,5,795.38,2.3
ITM-002035,ORD-00679,PRD-0068,5,5.52,38.6
ITM-002036,ORD-00680,PRD-0035,3,707.0,39.8
ITM-002037,ORD-00680,PRD-0050,3,307.85,37.2
ITM-002038,ORD-00681,PRD-0016,5,138.5,54.0
ITM-002039,ORD-00681,PRD-0044,2,682.72,16.1
ITM-002040,ORD-00681,PRD-0051,2,371.25,23.6
ITM-002041,ORD-00681,PRD-0079,2,238.86,38.3
ITM-002042,ORD-00682,PRD-0035,5,632.68,49.8
ITM-002043,ORD-00682,PRD-0025,2,439.21,54.1
ITM-002044,ORD-00683,PRD-0022,1,212.28,41.1
ITM-002045,ORD-00683,PRD-0044,3,579.32,55.9
ITM-002046,ORD-00683,PRD-0044,2,314.32,58.1
ITM-002047,ORD-00683,PRD-0076,2,181.21,41.7
ITM-002048,ORD-00683,PRD-0048,3,86.27,51.6
ITM-002049,ORD-00684,PRD-0051,1,298.54,1.5
ITM-002050,ORD-00684,PRD-0050,4,759.91,33.5
ITM-002051,ORD-00684,PRD-0063,1,619.54,17.2
ITM-002052,ORD-00684,PRD-0025,3,248.76,37.4
ITM-002053,ORD-00684,PRD-0010,5,741.42,6.8
ITM-002054,ORD-00685,PRD-0007,5,163.32,50.0
ITM-002055,ORD-00685,PRD-0035,3,635.79,5.2
ITM-002056,ORD-00685,PRD-0040,3,75.12,17.6
ITM-002057,ORD-00685,PRD-0042,1,165.83,13.0
ITM-002058,ORD-00686,PRD-0028,3,654.94,28.6
ITM-002059,ORD-00686,PRD-0055,5,360.62,19.0
ITM-002060,ORD-00687,PRD-0020,5,559.22,38.6
ITM-002061,ORD-00688,PRD-0012,3,32.98,21.2
ITM-002062,ORD-00689,PRD-0016,4,558.38,31.4
ITM-002063,ORD-00689,PRD-0017,5,607.42,0.4
ITM-002064,ORD-00689,PRD-0066,3,423.79,51.4
ITM-002065,ORD-00689,PRD-0018,3,748.46,33.4
ITM-002066,ORD-00690,PRD-0042,4,691.91,35.0
ITM-002067,ORD-00690,PRD-0058,4,433.44,16.8
ITM-002068,ORD-00690,PRD-0044,2,410.62,59.0
ITM-002069,ORD-00690,PRD-0044,3,587.65,25.3
ITM-002070,ORD-00691,PRD-0079,3,233.99,30.1
ITM-002071,ORD-00691,PRD-0016,3,774.27,48.7
ITM-002072,ORD-00691,PRD-0004,4,113.22,51.1
ITM-002073,ORD-00692,PRD-0040,1,301.14,13.8
ITM-002074,ORD-00693,PRD-0017,1,515.91,49.5
ITM-002075,ORD-00693,PRD-0041,1,60.05,0.3
ITM-002076,ORD-00694,PRD-0027,4,508.57,25.5
ITM-002077,ORD-00694,PRD-0037,2,246.09,51.1
ITM-002078,ORD-00694,PRD-0050,5,471.21,59.7
ITM-002079,ORD-00695,PRD-0029,2,341.34,53.9
ITM-002080,ORD-00695,PRD-0038,4,516.3,9.0
ITM-002081,ORD-00695,PRD-0066,1,787.91,42.2
ITM-002082,ORD-00695,PRD-0009,3,423.03,48.3
ITM-002083,ORD-00696,PRD-0014,5,590.95,11.4
ITM-002084,ORD-00696,PRD-0078,1,118.85,50.5
ITM-002085,ORD-00697,PRD-0008,3,304.84,0.5
ITM-002086,ORD-00698,PRD-0034,5,394.18,12.2
ITM-002087,ORD-00699,PRD-0069,4,136.22,28.3
ITM-002088,ORD-00699,PRD-0059,5,145.67,10.8
ITM-002089,ORD-00699,PRD-0042,3,211.97,58.4
ITM-002090,ORD-00699,PRD-0062,5,112.85,9.3
ITM-002091,ORD-00699,PRD-0042,5,118.24,5.4
ITM-002092,ORD-00700,PRD-0071,4,196.67,6.1
ITM-002093,ORD-00700,PRD-0024,1,576.04,57.6
ITM-002094,ORD-00700,PRD-0059,4,551.55,11.9
ITM-002095,ORD-00700,PRD-0075,2,773.46,57.4
